artist,artist_normalized,appearance_count,country,state_region,city,current_base,gender_identity,artist_type,home_scene,genre_tags,style_tags,performance_type,instruments,languages,career_stage,labels,notable_releases,notable_collaborations,signal_status,spotify_found,soundcloud_found,bandcamp_found,apple_music_found,catalogue_signal,external_signal,website,spotify_url,soundcloud_url,bandcamp_url,apple_music_url,discovery_character,discovery_note,sources,last_verified
BAAAHS DJs,baaahs djs,6,,,,,,,,,,UNKNOWN,,,,,,,unknown,,,,,,,,,,,,,,,
Idlis on the Mic,idlis on the mic,3,,,,,,,,,,UNKNOWN,,,,,,,unknown,,,,,,,,,,,,,,,
Chowsnestster,chowsnestster,1,,,,,,,,,,UNKNOWN,,,,,,,unknown,,,,,,,,,,,,,,,
Unkl Vic,unkl vic,5,,,,,,,,,,UNKNOWN,,,,,,,unknown,,,,,,,,,,,,,,,
Kosmozoo Downtempo,kosmozoo downtempo,2,,,,,,,,,,UNKNOWN,,,,,,,unknown,,,,,,,,,,,,,,,
Kanizzle,kanizzle,1,,,,,,,,,,UNKNOWN,,,,,,,unknown,,,,,,,,,,,,,,,
Mr. Jennings,mr. jennings,2,,,,,,,,,,UNKNOWN,,,,,,,unknown,,,,,,,,,,,,,,,
Grease Withaspoon,grease withaspoon,4,,,,,,,,,,UNKNOWN,,,,,,,unknown,,,,,,,,,,,,,,,
Crowsnestster,crowsnestster,3,,,,,,,,,,UNKNOWN,,,,,,,unknown,,,,,,,,,,,,,,,
Ali Luminescent,ali luminescent,1,,,,,,,,,,UNKNOWN,,,,,,,unknown,,,,,,,,,,,,,,,
Jex,jex,1,,,,,,,,,,UNKNOWN,,,,,,,unknown,,,,,,,,,,,,,,,
Davidi,davidi,1,,,,,,,,,,UNKNOWN,,,,,,,unknown,,,,,,,,,,,,,,,
DJ Johnny Klutch,dj johnny klutch,1,,,,,,,,,,UNKNOWN,,,,,,,unknown,,,,,,,,,,,,,,,
DJ Stormy,dj stormy,1,,,,,,,,,,UNKNOWN,,,,,,,unknown,,,,,,,,,,,,,,,
DJ Narkatta,dj narkatta,1,,,,,,,,,,UNKNOWN,,,,,,,unknown,,,,,,,,,,,,,,,
DJ Laz,dj laz,1,,,,,,,,,,UNKNOWN,,,,,,,unknown,,,,,,,,,,,,,,,
Camp AXO DJs,camp axo djs,4,,,,,,,,,,UNKNOWN,,,,,,,unknown,,,,,,,,,,,,,,,
Lalo,lalo,1,,,,,,,,,,UNKNOWN,,,,,,,unknown,,,,,,,,,,,,,,,
Taylor Allen,taylor allen,1,,,,,,,,,,UNKNOWN,,,,,,,unknown,,,,,,,,,,,,,,,
Neon Dots!,neon dots!,1,,,,,,,,,,UNKNOWN,,,,,,,unknown,,,,,,,,,,,,,,,
SILKWORM,silkworm,3,,,,,,,,,,UNKNOWN,,,,,,,unknown,,,,,,,,,,,,,,,
nomattic,nomattic,1,,,,,,,,,,UNKNOWN,,,,,,,unknown,,,,,,,,,,,,,,,
Dirty Texans,dirty texans,2,,,,,,,,,,UNKNOWN,,,,,,,unknown,,,,,,,,,,,,,,,
Vesper Belle,vesper belle,1,,,,,,,,,,UNKNOWN,,,,,,,unknown,,,,,,,,,,,,,,,
Posh Josh,posh josh,1,,,,,,,,,,UNKNOWN,,,,,,,unknown,,,,,,,,,,,,,,,
Black Panda,black panda,4,,,,,,,,,,UNKNOWN,,,,,,,unknown,,,,,,,,,,,,,,,
DJ Icon,dj icon,5,,,,,,,,,,UNKNOWN,,,,,,,unknown,,,,,,,,,,,,,,,
Jules Thorn,jules thorn,1,,,,,,,,,,UNKNOWN,,,,,,,unknown,,,,,,,,,,,,,,,
Bad Asstronaut Residents,bad asstronaut residents,1,,,,,,,,,,UNKNOWN,,,,,,,unknown,,,,,,,,,,,,,,,
Right Cheek,right cheek,1,,,,,,,,,,UNKNOWN,,,,,,,unknown,,,,,,,,,,,,,,,
Swingline,swingline,3,,,,,,,,,,UNKNOWN,,,,,,,unknown,,,,,,,,,,,,,,,
Children's Hour Radio Theater,children's hour radio theater,2,,,,,,,,,,UNKNOWN,,,,,,,unknown,,,,,,,,,,,,,,,
Contessa,contessa,2,,,,,,,,,,UNKNOWN,,,,,,,unknown,,,,,,,,,,,,,,,
Alien Worlds,alien worlds,6,,,,,,,,,,UNKNOWN,,,,,,,unknown,,,,,,,,,,,,,,,
Sunrise Sets,sunrise sets,1,,,,,,,,,,UNKNOWN,,,,,,,unknown,,,,,,,,,,,,,,,
KAEZ simulcast,kaez simulcast,2,,,,,,,,,,UNKNOWN,,,,,,,unknown,,,,,,,,,,,,,,,
Eagle Eye,eagle eye,2,,,,,,,,,,UNKNOWN,,,,,,,unknown,,,,,,,,,,,,,,,
Spit Bucket,spit bucket,2,,,,,,,,,,UNKNOWN,,,,,,,unknown,,,,,,,,,,,,,,,
Please Leave,please leave,2,,,,,,,,,,UNKNOWN,,,,,,,unknown,,,,,,,,,,,,,,,
Know your regionals,know your regionals,1,,,,,,,,,,UNKNOWN,,,,,,,unknown,,,,,,,,,,,,,,,
Burners without Borders,burners without borders,1,,,,,,,,,,UNKNOWN,,,,,,,unknown,,,,,,,,,,,,,,,
Burger Pockets,burger pockets,3,,,,,,,,,,UNKNOWN,,,,,,,unknown,,,,,,,,,,,,,,,
Beat Kitty,beat kitty,4,,,,,,,,,,UNKNOWN,,,,,,,unknown,,,,,,,,,,,,,,,
Klee,klee,2,,,,,,,,,,UNKNOWN,,,,,,,unknown,,,,,,,,,,,,,,,
Full Service,full service,3,,,,,,,,,,UNKNOWN,,,,,,,unknown,,,,,,,,,,,,,,,
Face,face,3,,,,,,,,,,UNKNOWN,,,,,,,unknown,,,,,,,,,,,,,,,
Tango,tango,3,,,,,,,,,,UNKNOWN,,,,,,,unknown,,,,,,,,,,,,,,,
Brendan Burke,brendan burke,2,,,,,,,,,,UNKNOWN,,,,,,,unknown,,,,,,,,,,,,,,,
Electric Angel,electric angel,3,,,,,,,,,,UNKNOWN,,,,,,,unknown,,,,,,,,,,,,,,,
Christina's artists + Paute tribe,christina's artists + paute tribe,1,,,,,,,,,,UNKNOWN,,,,,,,unknown,,,,,,,,,,,,,,,
Jacob Timothy,jacob timothy,1,,,,,,,,,,UNKNOWN,,,,,,,unknown,,,,,,,,,,,,,,,
Moni,moni,1,,,,,,,,,,UNKNOWN,,,,,,,unknown,,,,,,,,,,,,,,,
Hooolia,hooolia,2,,,,,,,,,,UNKNOWN,,,,,,,unknown,,,,,,,,,,,,,,,
Kina,kina,2,,,,,,,,,,UNKNOWN,,,,,,,unknown,,,,,,,,,,,,,,,
Noumena,noumena,2,,,,,,,,,,UNKNOWN,,,,,,,unknown,,,,,,,,,,,,,,,
RoyGBiv,roygbiv,1,,,,,,,,,,UNKNOWN,,,,,,,unknown,,,,,,,,,,,,,,,
Nasty Nate,nasty nate,4,,,,,,,,,,UNKNOWN,,,,,,,unknown,,,,,,,,,,,,,,,
Zank,zank,3,,,,,,,,,,UNKNOWN,,,,,,,unknown,,,,,,,,,,,,,,,
De La Mora,de la mora,1,,,,,,,,,,UNKNOWN,,,,,,,unknown,,,,,,,,,,,,,,,
HugoA,hugoa,1,,,,,,,,,,UNKNOWN,,,,,,,unknown,,,,,,,,,,,,,,,
Igor Marijuan,igor marijuan,5,,,,,,,,,,UNKNOWN,,,,,,,unknown,,,,,,,,,,,,,,,
Leyl Master Black,leyl master black,1,,,,,,,,,,UNKNOWN,,,,,,,unknown,,,,,,,,,,,,,,,
Seth Schwarz,seth schwarz,4,,,,,,,,,,UNKNOWN,,,,,,,unknown,,,,,,,,,,,,,,,
Zenti,zenti,3,,,,,,,,,,UNKNOWN,,,,,,,unknown,,,,,,,,,,,,,,,
&ily,&ily,4,,,,,,,,,,UNKNOWN,,,,,,,unknown,,,,,,,,,,,,,,,
Kirby,kirby,1,,,,,,,,,,UNKNOWN,,,,,,,unknown,,,,,,,,,,,,,,,
Gongo,gongo,2,,,,,,,,,,UNKNOWN,,,,,,,unknown,,,,,,,,,,,,,,,
Iman Rizky,iman rizky,2,,,,,,,,,,UNKNOWN,,,,,,,unknown,,,,,,,,,,,,,,,
Binative (Groovercreator & GeoXie),binative (groovercreator & geoxie),1,,,,,,,,,,UNKNOWN,,,,,,,unknown,,,,,,,,,,,,,,,
Neuromancer,neuromancer,6,,,,,,,,,,UNKNOWN,,,,,,,unknown,,,,,,,,,,,,,,,
Amanda Gaez,amanda gaez,6,,,,,,,,,,UNKNOWN,,,,,,,unknown,,,,,,,,,,,,,,,
Buddha Bass,buddha bass,6,,,,,,,,,,UNKNOWN,,,,,,,unknown,,,,,,,,,,,,,,,
Funky Town DJs,funky town djs,1,,,,,,,,,,UNKNOWN,,,,,,,unknown,,,,,,,,,,,,,,,
Major Trouble,major trouble,2,,,,,,,,,,UNKNOWN,,,,,,,unknown,,,,,,,,,,,,,,,
Mad,mad,1,,,,,,,,,,UNKNOWN,,,,,,,unknown,,,,,,,,,,,,,,,
Augustine,augustine,3,,,,,,,,,,UNKNOWN,,,,,,,unknown,,,,,,,,,,,,,,,
Rameff,rameff,5,,,,,,,,,,UNKNOWN,,,,,,,unknown,,,,,,,,,,,,,,,
Oba + Flip,oba + flip,3,,,,,,,,,,UNKNOWN,,,,,,,unknown,,,,,,,,,,,,,,,
Kawas,kawas,1,,,,,,,,,,UNKNOWN,,,,,,,unknown,,,,,,,,,,,,,,,
Enamour,enamour,1,,,,,,,,,,UNKNOWN,,,,,,,unknown,,,,,,,,,,,,,,,
Rebolledo,rebolledo,1,,,,,,,,,,UNKNOWN,,,,,,,unknown,,,,,,,,,,,,,,,
Lovecraft,lovecraft,4,,,,,,,,,,UNKNOWN,,,,,,,unknown,,,,,,,,,,,,,,,
DJ Strangelove,dj strangelove,1,,,,,,,,,,UNKNOWN,,,,,,,unknown,,,,,,,,,,,,,,,
Jo.Ke,jo.ke,2,,,,,,,,,,UNKNOWN,,,,,,,unknown,,,,,,,,,,,,,,,
Pound Star,pound star,1,,,,,,,,,,UNKNOWN,,,,,,,unknown,,,,,,,,,,,,,,,
Remy D,remy d,1,,,,,,,,,,UNKNOWN,,,,,,,unknown,,,,,,,,,,,,,,,
Spenser Morris,spenser morris,1,,,,,,,,,,UNKNOWN,,,,,,,unknown,,,,,,,,,,,,,,,
Heart On,heart on,1,,,,,,,,,,UNKNOWN,,,,,,,unknown,,,,,,,,,,,,,,,
Rippers Row b2b,rippers row b2b,1,,,,,,,,,,UNKNOWN,,,,,,,unknown,,,,,,,,,,,,,,,
Socket,socket,1,,,,,,,,,,UNKNOWN,,,,,,,unknown,,,,,,,,,,,,,,,
Witch Doctor,witch doctor,1,,,,,,,,,,UNKNOWN,,,,,,,unknown,,,,,,,,,,,,,,,
Bobby Poppers,bobby poppers,1,,,,,,,,,,UNKNOWN,,,,,,,unknown,,,,,,,,,,,,,,,
Deoxidized LineUp,deoxidized lineup,1,,,,,,,,,,UNKNOWN,,,,,,,unknown,,,,,,,,,,,,,,,
Bread Again,bread again,2,,,,,,,,,,UNKNOWN,,,,,,,unknown,,,,,,,,,,,,,,,
DJ ABT,dj abt,2,,,,,,,,,,UNKNOWN,,,,,,,unknown,,,,,,,,,,,,,,,
Captain,captain,1,,,,,,,,,,UNKNOWN,,,,,,,unknown,,,,,,,,,,,,,,,
Snark House DJs,snark house djs,1,,,,,,,,,,UNKNOWN,,,,,,,unknown,,,,,,,,,,,,,,,
SugarPhuck,sugarphuck,1,,,,,,,,,,UNKNOWN,,,,,,,unknown,,,,,,,,,,,,,,,
Zuquim,zuquim,1,,,,,,,,,,UNKNOWN,,,,,,,unknown,,,,,,,,,,,,,,,
Tertronic,tertronic,2,,,,,,,,,,UNKNOWN,,,,,,,unknown,,,,,,,,,,,,,,,
Neco,neco,1,,,,,,,,,,UNKNOWN,,,,,,,unknown,,,,,,,,,,,,,,,
TOVA,tova,1,,,,,,,,,,UNKNOWN,,,,,,,unknown,,,,,,,,,,,,,,,
Darrin Farrow,darrin farrow,1,,,,,,,,,,UNKNOWN,,,,,,,unknown,,,,,,,,,,,,,,,
Natou,natou,1,,,,,,,,,,UNKNOWN,,,,,,,unknown,,,,,,,,,,,,,,,
KAMA,kama,1,,,,,,,,,,UNKNOWN,,,,,,,unknown,,,,,,,,,,,,,,,
GOMA,goma,2,,,,,,,,,,UNKNOWN,,,,,,,unknown,,,,,,,,,,,,,,,
Padre Bless,padre bless,1,,,,,,,,,,UNKNOWN,,,,,,,unknown,,,,,,,,,,,,,,,
CuddleFish,cuddlefish,1,,,,,,,,,,UNKNOWN,,,,,,,unknown,,,,,,,,,,,,,,,
JUST B,just b,2,,,,,,,,,,UNKNOWN,,,,,,,unknown,,,,,,,,,,,,,,,
NoSelf,noself,1,,,,,,,,,,UNKNOWN,,,,,,,unknown,,,,,,,,,,,,,,,
Silver Steph,silver steph,1,,,,,,,,,,UNKNOWN,,,,,,,unknown,,,,,,,,,,,,,,,
Ogan,ogan,4,,,,,,,,,,UNKNOWN,,,,,,,unknown,,,,,,,,,,,,,,,
Reo,reo,2,,,,,,,,,,UNKNOWN,,,,,,,unknown,,,,,,,,,,,,,,,
Ringo Muzik,ringo muzik,1,,,,,,,,,,UNKNOWN,,,,,,,unknown,,,,,,,,,,,,,,,
Mouth Water,mouth water,1,,,,,,,,,,UNKNOWN,,,,,,,unknown,,,,,,,,,,,,,,,
LiO,lio,1,,,,,,,,,,UNKNOWN,,,,,,,unknown,,,,,,,,,,,,,,,
Sequin Tiger b2b Le Fronk,sequin tiger b2b le fronk,1,,,,,,,,,,UNKNOWN,,,,,,,unknown,,,,,,,,,,,,,,,
Curva Peligrosa,curva peligrosa,1,,,,,,,,,,UNKNOWN,,,,,,,unknown,,,,,,,,,,,,,,,
Nicoshi,nicoshi,1,,,,,,,,,,UNKNOWN,,,,,,,unknown,,,,,,,,,,,,,,,
Unpocoloco,unpocoloco,1,,,,,,,,,,UNKNOWN,,,,,,,unknown,,,,,,,,,,,,,,,
David Garcia,david garcia,1,,,,,,,,,,UNKNOWN,,,,,,,unknown,,,,,,,,,,,,,,,
Bawab,bawab,1,,,,,,,,,,UNKNOWN,,,,,,,unknown,,,,,,,,,,,,,,,
BGolden,bgolden,1,,,,,,,,,,UNKNOWN,,,,,,,unknown,,,,,,,,,,,,,,,
Kwynumbra,kwynumbra,1,,,,,,,,,,UNKNOWN,,,,,,,unknown,,,,,,,,,,,,,,,
alibali,alibali,2,,,,,,,,,,UNKNOWN,,,,,,,unknown,,,,,,,,,,,,,,,
Phantasmagoria DJs,phantasmagoria djs,1,,,,,,,,,,UNKNOWN,,,,,,,unknown,,,,,,,,,,,,,,,
Tonic Walter,tonic walter,2,,,,,,,,,,UNKNOWN,,,,,,,unknown,,,,,,,,,,,,,,,
Kasbï,kasbï,1,,,,,,,,,,UNKNOWN,,,,,,,unknown,,,,,,,,,,,,,,,
LP Giobbi,lp giobbi,3,,,,,,,,,,UNKNOWN,,,,,,,unknown,,,,,,,,,,,,,,,
LALA Land,lala land,1,,,,,,,,,,UNKNOWN,,,,,,,unknown,,,,,,,,,,,,,,,
The Trip,the trip,1,,,,,,,,,,UNKNOWN,,,,,,,unknown,,,,,,,,,,,,,,,
Messy Michelle and RW,messy michelle and rw,1,,,,,,,,,,UNKNOWN,,,,,,,unknown,,,,,,,,,,,,,,,
Sassy Danger,sassy danger,1,,,,,,,,,,UNKNOWN,,,,,,,unknown,,,,,,,,,,,,,,,
Elf,elf,1,,,,,,,,,,UNKNOWN,,,,,,,unknown,,,,,,,,,,,,,,,
Shibumi,shibumi,1,,,,,,,,,,UNKNOWN,,,,,,,unknown,,,,,,,,,,,,,,,
Syrcles x Patrick Piemonte,syrcles x patrick piemonte,1,,,,,,,,,,UNKNOWN,,,,,,,unknown,,,,,,,,,,,,,,,
Syrcles x Jeff Vyduna,syrcles x jeff vyduna,1,,,,,,,,,,UNKNOWN,,,,,,,unknown,,,,,,,,,,,,,,,
Sky So Young,sky so young,1,,,,,,,,,,UNKNOWN,,,,,,,unknown,,,,,,,,,,,,,,,
KalaMari,kalamari,1,,,,,,,,,,UNKNOWN,,,,,,,unknown,,,,,,,,,,,,,,,
DJ Dane,dj dane,1,,,,,,,,,,UNKNOWN,,,,,,,unknown,,,,,,,,,,,,,,,
Kyfi,kyfi,1,,,,,,,,,,UNKNOWN,,,,,,,unknown,,,,,,,,,,,,,,,
BAAAHS x Glamcocks,baaahs x glamcocks,1,,,,,,,,,,UNKNOWN,,,,,,,unknown,,,,,,,,,,,,,,,
Sunrise Sonder,sunrise sonder,2,,,,,,,,,,UNKNOWN,,,,,,,unknown,,,,,,,,,,,,,,,
Grant Tyler,grant tyler,1,,,,,,,,,,UNKNOWN,,,,,,,unknown,,,,,,,,,,,,,,,
DUGAN,dugan,3,,,,,,,,,,UNKNOWN,,,,,,,unknown,,,,,,,,,,,,,,,
REVEL,revel,2,,,,,,,,,,UNKNOWN,,,,,,,unknown,,,,,,,,,,,,,,,
KaPOWski!,kapowski!,1,,,,,,,,,,UNKNOWN,,,,,,,unknown,,,,,,,,,,,,,,,
Fouts,fouts,1,,,,,,,,,,UNKNOWN,,,,,,,unknown,,,,,,,,,,,,,,,
Live from the Mesa,live from the mesa,1,,,,,,,,,,UNKNOWN,,,,,,,unknown,,,,,,,,,,,,,,,
Gryphons Aerie,gryphons aerie,1,,,,,,,,,,UNKNOWN,,,,,,,unknown,,,,,,,,,,,,,,,
Electric Waste Band,electric waste band,1,,,,,,,,,,UNKNOWN,,,,,,,unknown,,,,,,,,,,,,,,,
KAEZ,kaez,1,,,,,,,,,,UNKNOWN,,,,,,,unknown,,,,,,,,,,,,,,,
Vozhd',vozhd',3,,,,,,,,,,UNKNOWN,,,,,,,unknown,,,,,,,,,,,,,,,
D1,d1,3,,,,,,,,,,UNKNOWN,,,,,,,unknown,,,,,,,,,,,,,,,
Mamay,mamay,3,,,,,,,,,,UNKNOWN,,,,,,,unknown,,,,,,,,,,,,,,,
Ro Rousseau,ro rousseau,3,,,,,,,,,,UNKNOWN,,,,,,,unknown,,,,,,,,,,,,,,,
Third Rail,third rail,3,,,,,,,,,,UNKNOWN,,,,,,,unknown,,,,,,,,,,,,,,,
Loboman,loboman,2,,,,,,,,,,UNKNOWN,,,,,,,unknown,,,,,,,,,,,,,,,
Diablo,diablo,2,,,,,,,,,,UNKNOWN,,,,,,,unknown,,,,,,,,,,,,,,,
The Professor,the professor,3,,,,,,,,,,UNKNOWN,,,,,,,unknown,,,,,,,,,,,,,,,
Iris,iris,3,,,,,,,,,,UNKNOWN,,,,,,,unknown,,,,,,,,,,,,,,,
Fireclown,fireclown,3,,,,,,,,,,UNKNOWN,,,,,,,unknown,,,,,,,,,,,,,,,
Honey Shot,honey shot,1,,,,,,,,,,UNKNOWN,,,,,,,unknown,,,,,,,,,,,,,,,
Double Impact,double impact,3,,,,,,,,,,UNKNOWN,,,,,,,unknown,,,,,,,,,,,,,,,
Blue,blue,2,,,,,,,,,,UNKNOWN,,,,,,,unknown,,,,,,,,,,,,,,,
Cindiana Jones,cindiana jones,3,,,,,,,,,,UNKNOWN,,,,,,,unknown,,,,,,,,,,,,,,,
Alaska,alaska,2,,,,,,,,,,UNKNOWN,,,,,,,unknown,,,,,,,,,,,,,,,
Goku,goku,6,,,,,,,,,,UNKNOWN,,,,,,,unknown,,,,,,,,,,,,,,,
DJ Kaveh,dj kaveh,1,,,,,,,,,,UNKNOWN,,,,,,,unknown,,,,,,,,,,,,,,,
Nadal Jr.,nadal jr.,1,,,,,,,,,,UNKNOWN,,,,,,,unknown,,,,,,,,,,,,,,,
Pierre,pierre,1,,,,,,,,,,UNKNOWN,,,,,,,unknown,,,,,,,,,,,,,,,
Sassy,sassy,1,,,,,,,,,,UNKNOWN,,,,,,,unknown,,,,,,,,,,,,,,,
AIWAA,aiwaa,1,,,,,,,,,,UNKNOWN,,,,,,,unknown,,,,,,,,,,,,,,,
Pietro,pietro,1,,,,,,,,,,UNKNOWN,,,,,,,unknown,,,,,,,,,,,,,,,
Charles Lazarus,charles lazarus,2,,,,,,,,,,UNKNOWN,,,,,,,unknown,,,,,,,,,,,,,,,
Leon (FR),leon (fr),1,,,,,,,,,,UNKNOWN,,,,,,,unknown,,,,,,,,,,,,,,,
SIMBASŌL,simbasōl,2,,,,,,,,,,UNKNOWN,,,,,,,unknown,,,,,,,,,,,,,,,
"Daydream, Land Ho! & Polaris Artists","daydream, land ho! & polaris artists",2,,,,,,,,,,UNKNOWN,,,,,,,unknown,,,,,,,,,,,,,,,
Ksukroft,ksukroft,1,,,,,,,,,,UNKNOWN,,,,,,,unknown,,,,,,,,,,,,,,,
Yaku Means Water (Hybrid Set),yaku means water (hybrid set),3,,,,,,,,,,UNKNOWN,,,,,,,unknown,,,,,,,,,,,,,,,
Alkemiss erika,alkemiss erika,3,,,,,,,,,,UNKNOWN,,,,,,,unknown,,,,,,,,,,,,,,,
Gilarden b2b Hooolia,gilarden b2b hooolia,1,,,,,,,,,,UNKNOWN,,,,,,,unknown,,,,,,,,,,,,,,,
Tagg,tagg,1,,,,,,,,,,UNKNOWN,,,,,,,unknown,,,,,,,,,,,,,,,
Bobby Lyte,bobby lyte,3,,,,,,,,,,UNKNOWN,,,,,,,unknown,,,,,,,,,,,,,,,
GLITTA,glitta,3,,,,,,,,,,UNKNOWN,,,,,,,unknown,,,,,,,,,,,,,,,
Yaz,yaz,5,,,,,,,,,,UNKNOWN,,,,,,,unknown,,,,,,,,,,,,,,,
Samantha,samantha,2,,,,,,,,,,UNKNOWN,,,,,,,unknown,,,,,,,,,,,,,,,
Andrea Castells,andrea castells,2,,,,,,,,,,UNKNOWN,,,,,,,unknown,,,,,,,,,,,,,,,
Nevos,nevos,3,,,,,,,,,,UNKNOWN,,,,,,,unknown,,,,,,,,,,,,,,,
86Hz,86hz,1,,,,,,,,,,UNKNOWN,,,,,,,unknown,,,,,,,,,,,,,,,
Gringo Safari,gringo safari,2,,,,,,,,,,UNKNOWN,,,,,,,unknown,,,,,,,,,,,,,,,
Tom Sonic,tom sonic,1,,,,,,,,,,UNKNOWN,,,,,,,unknown,,,,,,,,,,,,,,,
Frothyfukr,frothyfukr,1,,,,,,,,,,UNKNOWN,,,,,,,unknown,,,,,,,,,,,,,,,
Ryan Das,ryan das,2,,,,,,,,,,UNKNOWN,,,,,,,unknown,,,,,,,,,,,,,,,
Riley Love,riley love,2,,,,,,,,,,UNKNOWN,,,,,,,unknown,,,,,,,,,,,,,,,
Zach Walker,zach walker,3,,,,,,,,,,UNKNOWN,,,,,,,unknown,,,,,,,,,,,,,,,
M*Linss,m*linss,3,,,,,,,,,,UNKNOWN,,,,,,,unknown,,,,,,,,,,,,,,,
Nova Heaven,nova heaven,1,,,,,,,,,,UNKNOWN,,,,,,,unknown,,,,,,,,,,,,,,,
Sasi,sasi,2,,,,,,,,,,UNKNOWN,,,,,,,unknown,,,,,,,,,,,,,,,
Gabe,gabe,1,,,,,,,,,,UNKNOWN,,,,,,,unknown,,,,,,,,,,,,,,,
Monobase,monobase,1,,,,,,,,,,UNKNOWN,,,,,,,unknown,,,,,,,,,,,,,,,
Max Styler B2B Mishell,max styler b2b mishell,1,,,,,,,,,,UNKNOWN,,,,,,,unknown,,,,,,,,,,,,,,,
Darco B2B Luch,darco b2b luch,1,,,,,,,,,,UNKNOWN,,,,,,,unknown,,,,,,,,,,,,,,,
Ashara,ashara,1,,,,,,,,,,UNKNOWN,,,,,,,unknown,,,,,,,,,,,,,,,
DJ Reed,dj reed,1,,,,,,,,,,UNKNOWN,,,,,,,unknown,,,,,,,,,,,,,,,
Chase Björnson,chase björnson,1,,,,,,,,,,UNKNOWN,,,,,,,unknown,,,,,,,,,,,,,,,
Israel Acido,israel acido,1,,,,,,,,,,UNKNOWN,,,,,,,unknown,,,,,,,,,,,,,,,
Kettu,kettu,1,,,,,,,,,,UNKNOWN,,,,,,,unknown,,,,,,,,,,,,,,,
Funk Foxx,funk foxx,2,,,,,,,,,,UNKNOWN,,,,,,,unknown,,,,,,,,,,,,,,,
Chris Moyles,chris moyles,2,,,,,,,,,,UNKNOWN,,,,,,,unknown,,,,,,,,,,,,,,,
Cameron Angeli,cameron angeli,2,,,,,,,,,,UNKNOWN,,,,,,,unknown,,,,,,,,,,,,,,,
Cambient Lounge,cambient lounge,1,,,,,,,,,,UNKNOWN,,,,,,,unknown,,,,,,,,,,,,,,,
Levi Junkert b2b Chris Pfaff,levi junkert b2b chris pfaff,1,,,,,,,,,,UNKNOWN,,,,,,,unknown,,,,,,,,,,,,,,,
Le Fiu,le fiu,1,,,,,,,,,,UNKNOWN,,,,,,,unknown,,,,,,,,,,,,,,,
Conner Curnick,conner curnick,1,,,,,,,,,,UNKNOWN,,,,,,,unknown,,,,,,,,,,,,,,,
Roberto Ristorucci,roberto ristorucci,1,,,,,,,,,,UNKNOWN,,,,,,,unknown,,,,,,,,,,,,,,,
Autogyro,autogyro,1,,,,,,,,,,UNKNOWN,,,,,,,unknown,,,,,,,,,,,,,,,
Sacred Echoes,sacred echoes,2,,,,,,,,,,UNKNOWN,,,,,,,unknown,,,,,,,,,,,,,,,
Alex Dudini,alex dudini,1,,,,,,,,,,UNKNOWN,,,,,,,unknown,,,,,,,,,,,,,,,
I AM LEX,i am lex,1,,,,,,,,,,UNKNOWN,,,,,,,unknown,,,,,,,,,,,,,,,
baër,baër,1,,,,,,,,,,UNKNOWN,,,,,,,unknown,,,,,,,,,,,,,,,
Beto Beats,beto beats,1,,,,,,,,,,UNKNOWN,,,,,,,unknown,,,,,,,,,,,,,,,
Subsoniq,subsoniq,1,,,,,,,,,,UNKNOWN,,,,,,,unknown,,,,,,,,,,,,,,,
Idell,idell,1,,,,,,,,,,UNKNOWN,,,,,,,unknown,,,,,,,,,,,,,,,
HE + SHE,he + she,1,,,,,,,,,,UNKNOWN,,,,,,,unknown,,,,,,,,,,,,,,,
Schoenhauser,schoenhauser,1,,,,,,,,,,UNKNOWN,,,,,,,unknown,,,,,,,,,,,,,,,
akiika,akiika,1,,,,,,,,,,UNKNOWN,,,,,,,unknown,,,,,,,,,,,,,,,
Mighty Misfits Camp DJs,mighty misfits camp djs,1,,,,,,,,,,UNKNOWN,,,,,,,unknown,,,,,,,,,,,,,,,
Christian Voldstad,christian voldstad,2,,,,,,,,,,UNKNOWN,,,,,,,unknown,,,,,,,,,,,,,,,
Iman Rizky b2b Sky So Young + Oli,iman rizky b2b sky so young + oli,1,,,,,,,,,,UNKNOWN,,,,,,,unknown,,,,,,,,,,,,,,,
Dave DK b2b Iman Rizky,dave dk b2b iman rizky,1,,,,,,,,,,UNKNOWN,,,,,,,unknown,,,,,,,,,,,,,,,
Amine K,amine k,1,,,,,,,,,,UNKNOWN,,,,,,,unknown,,,,,,,,,,,,,,,
David Hohme,david hohme,2,,,,,,,,,,UNKNOWN,,,,,,,unknown,,,,,,,,,,,,,,,
Rodriguez Jr,rodriguez jr,1,,,,,,,,,,UNKNOWN,,,,,,,unknown,,,,,,,,,,,,,,,
BRK×BRK,brk×brk,2,,,,,,,,,,UNKNOWN,,,,,,,unknown,,,,,,,,,,,,,,,
amongst few,amongst few,1,,,,,,,,,,UNKNOWN,,,,,,,unknown,,,,,,,,,,,,,,,
Breauxx,breauxx,3,,,,,,,,,,UNKNOWN,,,,,,,unknown,,,,,,,,,,,,,,,
Toúcanplay,toúcanplay,1,,,,,,,,,,UNKNOWN,,,,,,,unknown,,,,,,,,,,,,,,,
Casey Gordon,casey gordon,1,,,,,,,,,,UNKNOWN,,,,,,,unknown,,,,,,,,,,,,,,,
Lionel Ray,lionel ray,1,,,,,,,,,,UNKNOWN,,,,,,,unknown,,,,,,,,,,,,,,,
LILA & SALA,lila & sala,1,,,,,,,,,,UNKNOWN,,,,,,,unknown,,,,,,,,,,,,,,,
Dj R.A.F,dj r.a.f,1,,,,,,,,,,UNKNOWN,,,,,,,unknown,,,,,,,,,,,,,,,
Big Jew,big jew,1,,,,,,,,,,UNKNOWN,,,,,,,unknown,,,,,,,,,,,,,,,
LP Giobb,lp giobb,1,,,,,,,,,,UNKNOWN,,,,,,,unknown,,,,,,,,,,,,,,,
Simon Harrison,simon harrison,1,,,,,,,,,,UNKNOWN,,,,,,,unknown,,,,,,,,,,,,,,,
MURFF,murff,1,,,,,,,,,,UNKNOWN,,,,,,,unknown,,,,,,,,,,,,,,,
Denton,denton,2,,,,,,,,,,UNKNOWN,,,,,,,unknown,,,,,,,,,,,,,,,
Theia,theia,1,,,,,,,,,,UNKNOWN,,,,,,,unknown,,,,,,,,,,,,,,,
Stephan May,stephan may,2,,,,,,,,,,UNKNOWN,,,,,,,unknown,,,,,,,,,,,,,,,
Anton Tumas,anton tumas,1,,,,,,,,,,UNKNOWN,,,,,,,unknown,,,,,,,,,,,,,,,
Sperry,sperry,1,,,,,,,,,,UNKNOWN,,,,,,,unknown,,,,,,,,,,,,,,,
Opening Ceremony,opening ceremony,1,,,,,,,,,,UNKNOWN,,,,,,,unknown,,,,,,,,,,,,,,,
Enmi,enmi,1,,,,,,,,,,UNKNOWN,,,,,,,unknown,,,,,,,,,,,,,,,
Syd Gris (The Pink Floyd Set),syd gris (the pink floyd set),1,,,,,,,,,,UNKNOWN,,,,,,,unknown,,,,,,,,,,,,,,,
Artemistique,artemistique,3,,,,,,,,,,UNKNOWN,,,,,,,unknown,,,,,,,,,,,,,,,
Maddy O'Neal (Madhaus Set),maddy o'neal (madhaus set),1,,,,,,,,,,UNKNOWN,,,,,,,unknown,,,,,,,,,,,,,,,
Slander presents Before Dawn,slander presents before dawn,1,,,,,,,,,,UNKNOWN,,,,,,,unknown,,,,,,,,,,,,,,,
Casmalia,casmalia,1,,,,,,,,,,UNKNOWN,,,,,,,unknown,,,,,,,,,,,,,,,
Zilkha,zilkha,3,,,,,,,,,,UNKNOWN,,,,,,,unknown,,,,,,,,,,,,,,,
Moon Lemonade,moon lemonade,3,,,,,,,,,,UNKNOWN,,,,,,,unknown,,,,,,,,,,,,,,,
Bandi,bandi,1,,,,,,,,,,UNKNOWN,,,,,,,unknown,,,,,,,,,,,,,,,
Micha,micha,1,,,,,,,,,,UNKNOWN,,,,,,,unknown,,,,,,,,,,,,,,,
Bhaskar,bhaskar,1,,,,,,,,,,UNKNOWN,,,,,,,unknown,,,,,,,,,,,,,,,
Kon Faber,kon faber,2,,,,,,,,,,UNKNOWN,,,,,,,unknown,,,,,,,,,,,,,,,
Travis Rose,travis rose,1,,,,,,,,,,UNKNOWN,,,,,,,unknown,,,,,,,,,,,,,,,
Gaddy,gaddy,1,,,,,,,,,,UNKNOWN,,,,,,,unknown,,,,,,,,,,,,,,,
Fluffernutter,fluffernutter,1,,,,,,,,,,UNKNOWN,,,,,,,unknown,,,,,,,,,,,,,,,
Mojo Jojo,mojo jojo,1,,,,,,,,,,UNKNOWN,,,,,,,unknown,,,,,,,,,,,,,,,
Tobi with DJ Bang3rz & Shitz Poppinoff,tobi with dj bang3rz & shitz poppinoff,1,,,,,,,,,,UNKNOWN,,,,,,,unknown,,,,,,,,,,,,,,,
Nick Wood,nick wood,1,,,,,,,,,,UNKNOWN,,,,,,,unknown,,,,,,,,,,,,,,,
Ves [Non Profit Rave],ves [non profit rave],1,,,,,,,,,,UNKNOWN,,,,,,,unknown,,,,,,,,,,,,,,,
Non Profit Rave DJs,non profit rave djs,2,,,,,,,,,,UNKNOWN,,,,,,,unknown,,,,,,,,,,,,,,,
Lazer,lazer,2,,,,,,,,,,UNKNOWN,,,,,,,unknown,,,,,,,,,,,,,,,
Leandro Silva,leandro silva,1,,,,,,,,,,UNKNOWN,,,,,,,unknown,,,,,,,,,,,,,,,
Julean,julean,1,,,,,,,,,,UNKNOWN,,,,,,,unknown,,,,,,,,,,,,,,,
Space Case,space case,1,,,,,,,,,,UNKNOWN,,,,,,,unknown,,,,,,,,,,,,,,,
Lidiya b2b blackbrook,lidiya b2b blackbrook,1,,,,,,,,,,UNKNOWN,,,,,,,unknown,,,,,,,,,,,,,,,
Stré,stré,1,,,,,,,,,,UNKNOWN,,,,,,,unknown,,,,,,,,,,,,,,,
PK b2b Frisbee,pk b2b frisbee,1,,,,,,,,,,UNKNOWN,,,,,,,unknown,,,,,,,,,,,,,,,
Khalessi,khalessi,1,,,,,,,,,,UNKNOWN,,,,,,,unknown,,,,,,,,,,,,,,,
Mihir,mihir,1,,,,,,,,,,UNKNOWN,,,,,,,unknown,,,,,,,,,,,,,,,
Sahara Dawn,sahara dawn,1,,,,,,,,,,UNKNOWN,,,,,,,unknown,,,,,,,,,,,,,,,
Dr. Dom,dr. dom,1,,,,,,,,,,UNKNOWN,,,,,,,unknown,,,,,,,,,,,,,,,
Lola Jak,lola jak,2,,,,,,,,,,UNKNOWN,,,,,,,unknown,,,,,,,,,,,,,,,
Myles O' Neal,myles o' neal,1,,,,,,,,,,UNKNOWN,,,,,,,unknown,,,,,,,,,,,,,,,
MNTRA,mntra,4,,,,,,,,,,UNKNOWN,,,,,,,unknown,,,,,,,,,,,,,,,
MARK:AM,mark:am,1,,,,,,,,,,UNKNOWN,,,,,,,unknown,,,,,,,,,,,,,,,
Deiv Schön,deiv schön,1,,,,,,,,,,UNKNOWN,,,,,,,unknown,,,,,,,,,,,,,,,
Amongst Two,amongst two,1,,,,,,,,,,UNKNOWN,,,,,,,unknown,,,,,,,,,,,,,,,
DJ Lady Vitamins,dj lady vitamins,1,,,,,,,,,,UNKNOWN,,,,,,,unknown,,,,,,,,,,,,,,,
Sagmo,sagmo,2,,,,,,,,,,UNKNOWN,,,,,,,unknown,,,,,,,,,,,,,,,
Matony,matony,2,,,,,,,,,,UNKNOWN,,,,,,,unknown,,,,,,,,,,,,,,,
Nativo,nativo,1,,,,,,,,,,UNKNOWN,,,,,,,unknown,,,,,,,,,,,,,,,
Ahau,ahau,2,,,,,,,,,,UNKNOWN,,,,,,,unknown,,,,,,,,,,,,,,,
Yaku Means Water,yaku means water,1,,,,,,,,,,UNKNOWN,,,,,,,unknown,,,,,,,,,,,,,,,
Sirius,sirius,1,,,,,,,,,,UNKNOWN,,,,,,,unknown,,,,,,,,,,,,,,,
JDLayD,jdlayd,1,,,,,,,,,,UNKNOWN,,,,,,,unknown,,,,,,,,,,,,,,,
Mona Pirzad,mona pirzad,2,,,,,,,,,,UNKNOWN,,,,,,,unknown,,,,,,,,,,,,,,,
Volition,volition,1,,,,,,,,,,UNKNOWN,,,,,,,unknown,,,,,,,,,,,,,,,
Theiå,theiå,1,,,,,,,,,,UNKNOWN,,,,,,,unknown,,,,,,,,,,,,,,,
&how,&how,3,,,,,,,,,,UNKNOWN,,,,,,,unknown,,,,,,,,,,,,,,,
Fancypants,fancypants,1,,,,,,,,,,UNKNOWN,,,,,,,unknown,,,,,,,,,,,,,,,
Mr. Bold,mr. bold,2,,,,,,,,,,UNKNOWN,,,,,,,unknown,,,,,,,,,,,,,,,
jester,jester,2,,,,,,,,,,UNKNOWN,,,,,,,unknown,,,,,,,,,,,,,,,
sam drake,sam drake,2,,,,,,,,,,UNKNOWN,,,,,,,unknown,,,,,,,,,,,,,,,
Mr Noisy,mr noisy,1,,,,,,,,,,UNKNOWN,,,,,,,unknown,,,,,,,,,,,,,,,
VLVT // PLSE,vlvt // plse,2,,,,,,,,,,UNKNOWN,,,,,,,unknown,,,,,,,,,,,,,,,
Kristin Lush,kristin lush,1,,,,,,,,,,UNKNOWN,,,,,,,unknown,,,,,,,,,,,,,,,
Orbit and Rampue,orbit and rampue,1,,,,,,,,,,UNKNOWN,,,,,,,unknown,,,,,,,,,,,,,,,
Rampue / Orbit,rampue / orbit,2,,,,,,,,,,UNKNOWN,,,,,,,unknown,,,,,,,,,,,,,,,
Doin’ Us,doin’ us,1,,,,,,,,,,UNKNOWN,,,,,,,unknown,,,,,,,,,,,,,,,
Sensanik,sensanik,2,,,,,,,,,,UNKNOWN,,,,,,,unknown,,,,,,,,,,,,,,,
Marvin Yam,marvin yam,1,,,,,,,,,,UNKNOWN,,,,,,,unknown,,,,,,,,,,,,,,,
Compass and Pink,compass and pink,1,,,,,,,,,,UNKNOWN,,,,,,,unknown,,,,,,,,,,,,,,,
Ramsey,ramsey,1,,,,,,,,,,UNKNOWN,,,,,,,unknown,,,,,,,,,,,,,,,
Fred,fred,1,,,,,,,,,,UNKNOWN,,,,,,,unknown,,,,,,,,,,,,,,,
Cos McBooty,cos mcbooty,1,,,,,,,,,,UNKNOWN,,,,,,,unknown,,,,,,,,,,,,,,,
Elevated Frequencies,elevated frequencies,1,,,,,,,,,,UNKNOWN,,,,,,,unknown,,,,,,,,,,,,,,,
DJ Mojo,dj mojo,1,,,,,,,,,,UNKNOWN,,,,,,,unknown,,,,,,,,,,,,,,,
Dready Mojo,dready mojo,1,,,,,,,,,,UNKNOWN,,,,,,,unknown,,,,,,,,,,,,,,,
JustCJ,justcj,1,,,,,,,,,,UNKNOWN,,,,,,,unknown,,,,,,,,,,,,,,,
Syd Gris,syd gris,2,,,,,,,,,,UNKNOWN,,,,,,,unknown,,,,,,,,,,,,,,,
SISO,siso,1,,,,,,,,,,UNKNOWN,,,,,,,unknown,,,,,,,,,,,,,,,
Razing Prophet,razing prophet,2,,,,,,,,,,UNKNOWN,,,,,,,unknown,,,,,,,,,,,,,,,
Deadmau5,deadmau5,1,,,,,,,,,,UNKNOWN,,,,,,,unknown,,,,,,,,,,,,,,,
Farin,farin,1,,,,,,,,,,UNKNOWN,,,,,,,unknown,,,,,,,,,,,,,,,
Double Touch x Justin Belcher,double touch x justin belcher,1,,,,,,,,,,UNKNOWN,,,,,,,unknown,,,,,,,,,,,,,,,
Natipitch x Justin Belcher,natipitch x justin belcher,1,,,,,,,,,,UNKNOWN,,,,,,,unknown,,,,,,,,,,,,,,,
Carte Blanche,carte blanche,1,,,,,,,,,,UNKNOWN,,,,,,,unknown,,,,,,,,,,,,,,,
Reverend Moon,reverend moon,1,,,,,,,,,,UNKNOWN,,,,,,,unknown,,,,,,,,,,,,,,,
Aeion Solars,aeion solars,1,,,,,,,,,,UNKNOWN,,,,,,,unknown,,,,,,,,,,,,,,,
Spaxterzone!,spaxterzone!,1,,,,,,,,,,UNKNOWN,,,,,,,unknown,,,,,,,,,,,,,,,
Interrupt,interrupt,2,,,,,,,,,,UNKNOWN,,,,,,,unknown,,,,,,,,,,,,,,,
Will Chase,will chase,1,,,,,,,,,,UNKNOWN,,,,,,,unknown,,,,,,,,,,,,,,,
Moldover,moldover,3,,,,,,,,,,UNKNOWN,,,,,,,unknown,,,,,,,,,,,,,,,
Sidequest,sidequest,3,,,,,,,,,,UNKNOWN,,,,,,,unknown,,,,,,,,,,,,,,,
Only Bangers,only bangers,2,,,,,,,,,,UNKNOWN,,,,,,,unknown,,,,,,,,,,,,,,,
Organism,organism,2,,,,,,,,,,UNKNOWN,,,,,,,unknown,,,,,,,,,,,,,,,
4Day,4day,1,,,,,,,,,,UNKNOWN,,,,,,,unknown,,,,,,,,,,,,,,,
Whitefish,whitefish,1,,,,,,,,,,UNKNOWN,,,,,,,unknown,,,,,,,,,,,,,,,
DAWdust,dawdust,2,,,,,,,,,,UNKNOWN,,,,,,,unknown,,,,,,,,,,,,,,,
Actiongrl,actiongrl,3,,,,,,,,,,UNKNOWN,,,,,,,unknown,,,,,,,,,,,,,,,
Todd Spero,todd spero,2,,,,,,,,,,UNKNOWN,,,,,,,unknown,,,,,,,,,,,,,,,
Philip Evans,philip evans,2,,,,,,,,,,UNKNOWN,,,,,,,unknown,,,,,,,,,,,,,,,
Don Gentry,don gentry,2,,,,,,,,,,UNKNOWN,,,,,,,unknown,,,,,,,,,,,,,,,
Poston,poston,2,,,,,,,,,,UNKNOWN,,,,,,,unknown,,,,,,,,,,,,,,,
Titanic Ends line up,titanic ends line up,1,,,,,,,,,,UNKNOWN,,,,,,,unknown,,,,,,,,,,,,,,,
Big Joe Daddy,big joe daddy,1,,,,,,,,,,UNKNOWN,,,,,,,unknown,,,,,,,,,,,,,,,
Bell Ringer,bell ringer,1,,,,,,,,,,UNKNOWN,,,,,,,unknown,,,,,,,,,,,,,,,
Heavenly Father,heavenly father,2,,,,,,,,,,UNKNOWN,,,,,,,unknown,,,,,,,,,,,,,,,
Zapper,zapper,1,,,,,,,,,,UNKNOWN,,,,,,,unknown,,,,,,,,,,,,,,,
M3M0,m3m0,1,,,,,,,,,,UNKNOWN,,,,,,,unknown,,,,,,,,,,,,,,,
CHEETATAH,cheetatah,3,,,,,,,,,,UNKNOWN,,,,,,,unknown,,,,,,,,,,,,,,,
Extraterrestrial Cabaret,extraterrestrial cabaret,1,,,,,,,,,,UNKNOWN,,,,,,,unknown,,,,,,,,,,,,,,,
Go South,go south,4,,,,,,,,,,UNKNOWN,,,,,,,unknown,,,,,,,,,,,,,,,
Greggio,greggio,1,,,,,,,,,,UNKNOWN,,,,,,,unknown,,,,,,,,,,,,,,,
SIB,sib,1,,,,,,,,,,UNKNOWN,,,,,,,unknown,,,,,,,,,,,,,,,
Amour Propre,amour propre,1,,,,,,,,,,UNKNOWN,,,,,,,unknown,,,,,,,,,,,,,,,
Lidiya,lidiya,2,,,,,,,,,,UNKNOWN,,,,,,,unknown,,,,,,,,,,,,,,,
Atin,atin,1,,,,,,,,,,UNKNOWN,,,,,,,unknown,,,,,,,,,,,,,,,
Elan Schnider,elan schnider,1,,,,,,,,,,UNKNOWN,,,,,,,unknown,,,,,,,,,,,,,,,
Millad,millad,2,,,,,,,,,,UNKNOWN,,,,,,,unknown,,,,,,,,,,,,,,,
Reo b2b Hooolia,reo b2b hooolia,1,,,,,,,,,,UNKNOWN,,,,,,,unknown,,,,,,,,,,,,,,,
Kina b2b Moni,kina b2b moni,1,,,,,,,,,,UNKNOWN,,,,,,,unknown,,,,,,,,,,,,,,,
Gilarden,gilarden,2,,,,,,,,,,UNKNOWN,,,,,,,unknown,,,,,,,,,,,,,,,
ONNIX,onnix,1,,,,,,,,,,UNKNOWN,,,,,,,unknown,,,,,,,,,,,,,,,
Kohbain,kohbain,4,,,,,,,,,,UNKNOWN,,,,,,,unknown,,,,,,,,,,,,,,,
OBER,ober,3,,,,,,,,,,UNKNOWN,,,,,,,unknown,,,,,,,,,,,,,,,
Kiran,kiran,1,,,,,,,,,,UNKNOWN,,,,,,,unknown,,,,,,,,,,,,,,,
Ramzi,ramzi,2,,,,,,,,,,UNKNOWN,,,,,,,unknown,,,,,,,,,,,,,,,
Lost Desert,lost desert,3,,,,,,,,,,UNKNOWN,,,,,,,unknown,,,,,,,,,,,,,,,
POMBOKLAP,pomboklap,2,,,,,,,,,,UNKNOWN,,,,,,,unknown,,,,,,,,,,,,,,,
Ruxputin,ruxputin,3,,,,,,,,,,UNKNOWN,,,,,,,unknown,,,,,,,,,,,,,,,
DJ Jericho Fresco,dj jericho fresco,1,,,,,,,,,,UNKNOWN,,,,,,,unknown,,,,,,,,,,,,,,,
HUMO BLANCO,humo blanco,3,,,,,,,,,,UNKNOWN,,,,,,,unknown,,,,,,,,,,,,,,,
DJ Durry,dj durry,1,,,,,,,,,,UNKNOWN,,,,,,,unknown,,,,,,,,,,,,,,,
Adaamar,adaamar,2,,,,,,,,,,UNKNOWN,,,,,,,unknown,,,,,,,,,,,,,,,
Subsoniq b2b Mad,subsoniq b2b mad,1,,,,,,,,,,UNKNOWN,,,,,,,unknown,,,,,,,,,,,,,,,
Dani Soul,dani soul,1,,,,,,,,,,UNKNOWN,,,,,,,unknown,,,,,,,,,,,,,,,
Gaeb,gaeb,1,,,,,,,,,,UNKNOWN,,,,,,,unknown,,,,,,,,,,,,,,,
Kobe b2b Krüz,kobe b2b krüz,1,,,,,,,,,,UNKNOWN,,,,,,,unknown,,,,,,,,,,,,,,,
Ricky Sizzle,ricky sizzle,2,,,,,,,,,,UNKNOWN,,,,,,,unknown,,,,,,,,,,,,,,,
Casa Chic,casa chic,1,,,,,,,,,,UNKNOWN,,,,,,,unknown,,,,,,,,,,,,,,,
Double Jointed,double jointed,2,,,,,,,,,,UNKNOWN,,,,,,,unknown,,,,,,,,,,,,,,,
Gonze,gonze,2,,,,,,,,,,UNKNOWN,,,,,,,unknown,,,,,,,,,,,,,,,
Jungle Jess,jungle jess,2,,,,,,,,,,UNKNOWN,,,,,,,unknown,,,,,,,,,,,,,,,
Brandoh,brandoh,1,,,,,,,,,,UNKNOWN,,,,,,,unknown,,,,,,,,,,,,,,,
Jean Jacque,jean jacque,2,,,,,,,,,,UNKNOWN,,,,,,,unknown,,,,,,,,,,,,,,,
Baby Cakes,baby cakes,2,,,,,,,,,,UNKNOWN,,,,,,,unknown,,,,,,,,,,,,,,,
Tropic Bomba,tropic bomba,2,,,,,,,,,,UNKNOWN,,,,,,,unknown,,,,,,,,,,,,,,,
Miko Franconi,miko franconi,2,,,,,,,,,,UNKNOWN,,,,,,,unknown,,,,,,,,,,,,,,,
Erik Lohr,erik lohr,2,,,,,,,,,,UNKNOWN,,,,,,,unknown,,,,,,,,,,,,,,,
Edward Frame,edward frame,1,,,,,,,,,,UNKNOWN,,,,,,,unknown,,,,,,,,,,,,,,,
Joey with the Mustache,joey with the mustache,1,,,,,,,,,,UNKNOWN,,,,,,,unknown,,,,,,,,,,,,,,,
Jyoshy,jyoshy,1,,,,,,,,,,UNKNOWN,,,,,,,unknown,,,,,,,,,,,,,,,
Kosmic Lovers,kosmic lovers,1,,,,,,,,,,UNKNOWN,,,,,,,unknown,,,,,,,,,,,,,,,
Disco Pickles,disco pickles,1,,,,,,,,,,UNKNOWN,,,,,,,unknown,,,,,,,,,,,,,,,
The Playa Devil,the playa devil,1,,,,,,,,,,UNKNOWN,,,,,,,unknown,,,,,,,,,,,,,,,
DJ tba (Trevor Blake Anderson),dj tba (trevor blake anderson),1,,,,,,,,,,UNKNOWN,,,,,,,unknown,,,,,,,,,,,,,,,
Slate,slate,1,,,,,,,,,,UNKNOWN,,,,,,,unknown,,,,,,,,,,,,,,,
Niall Augustine,niall augustine,2,,,,,,,,,,UNKNOWN,,,,,,,unknown,,,,,,,,,,,,,,,
Bim Tim,bim tim,1,,,,,,,,,,UNKNOWN,,,,,,,unknown,,,,,,,,,,,,,,,
Subaquaria,subaquaria,1,,,,,,,,,,UNKNOWN,,,,,,,unknown,,,,,,,,,,,,,,,
Gabi b2b Sasta,gabi b2b sasta,1,,,,,,,,,,UNKNOWN,,,,,,,unknown,,,,,,,,,,,,,,,
Saga,saga,1,,,,,,,,,,UNKNOWN,,,,,,,unknown,,,,,,,,,,,,,,,
DJ Barb,dj barb,1,,,,,,,,,,UNKNOWN,,,,,,,unknown,,,,,,,,,,,,,,,
Wronski,wronski,2,,,,,,,,,,UNKNOWN,,,,,,,unknown,,,,,,,,,,,,,,,
Joanna Magik,joanna magik,2,,,,,,,,,,UNKNOWN,,,,,,,unknown,,,,,,,,,,,,,,,
Cryss,cryss,1,,,,,,,,,,UNKNOWN,,,,,,,unknown,,,,,,,,,,,,,,,
BRKxBRK,brkxbrk,1,,,,,,,,,,UNKNOWN,,,,,,,unknown,,,,,,,,,,,,,,,
Franccesco Cardenas,franccesco cardenas,2,,,,,,,,,,UNKNOWN,,,,,,,unknown,,,,,,,,,,,,,,,
DJ Gonza,dj gonza,1,,,,,,,,,,UNKNOWN,,,,,,,unknown,,,,,,,,,,,,,,,
5MoXo,5moxo,1,,,,,,,,,,UNKNOWN,,,,,,,unknown,,,,,,,,,,,,,,,
Locxito,locxito,1,,,,,,,,,,UNKNOWN,,,,,,,unknown,,,,,,,,,,,,,,,
I.S.H,i.s.h,2,,,,,,,,,,UNKNOWN,,,,,,,unknown,,,,,,,,,,,,,,,
Chris Tower,chris tower,1,,,,,,,,,,UNKNOWN,,,,,,,unknown,,,,,,,,,,,,,,,
Josh Forster,josh forster,5,,,,,,,,,,UNKNOWN,,,,,,,unknown,,,,,,,,,,,,,,,
Special Guest (Sunrise),special guest (sunrise),1,,,,,,,,,,UNKNOWN,,,,,,,unknown,,,,,,,,,,,,,,,
Mighty Misfit Camp DJs,mighty misfit camp djs,2,,,,,,,,,,UNKNOWN,,,,,,,unknown,,,,,,,,,,,,,,,
Îzma,îzma,2,,,,,,,,,,UNKNOWN,,,,,,,unknown,,,,,,,,,,,,,,,
ROOF,roof,1,,,,,,,,,,UNKNOWN,,,,,,,unknown,,,,,,,,,,,,,,,
JEHNEE,jehnee,3,,,,,,,,,,UNKNOWN,,,,,,,unknown,,,,,,,,,,,,,,,
Melissa Dust,melissa dust,1,,,,,,,,,,UNKNOWN,,,,,,,unknown,,,,,,,,,,,,,,,
The Boogie Sisters,the boogie sisters,1,,,,,,,,,,UNKNOWN,,,,,,,unknown,,,,,,,,,,,,,,,
Local Honey,local honey,2,,,,,,,,,,UNKNOWN,,,,,,,unknown,,,,,,,,,,,,,,,
EVA BLU,eva blu,1,,,,,,,,,,UNKNOWN,,,,,,,unknown,,,,,,,,,,,,,,,
_nophones,_nophones,1,,,,,,,,,,UNKNOWN,,,,,,,unknown,,,,,,,,,,,,,,,
Museus,museus,3,,,,,,,,,,UNKNOWN,,,,,,,unknown,,,,,,,,,,,,,,,
Andy Shaw,andy shaw,1,,,,,,,,,,UNKNOWN,,,,,,,unknown,,,,,,,,,,,,,,,
Fear the Youth,fear the youth,1,,,,,,,,,,UNKNOWN,,,,,,,unknown,,,,,,,,,,,,,,,
The Golden One,the golden one,1,,,,,,,,,,UNKNOWN,,,,,,,unknown,,,,,,,,,,,,,,,
Mario Lui,mario lui,3,,,,,,,,,,UNKNOWN,,,,,,,unknown,,,,,,,,,,,,,,,
Philou,philou,2,,,,,,,,,,UNKNOWN,,,,,,,unknown,,,,,,,,,,,,,,,
Roy Rosenfeld b2b Vanjee,roy rosenfeld b2b vanjee,2,,,,,,,,,,UNKNOWN,,,,,,,unknown,,,,,,,,,,,,,,,
Rafael,rafael,3,,,,,,,,,,UNKNOWN,,,,,,,unknown,,,,,,,,,,,,,,,
Galactivators,galactivators,1,,,,,,,,,,UNKNOWN,,,,,,,unknown,,,,,,,,,,,,,,,
Thiccboi Drewski,thiccboi drewski,2,,,,,,,,,,UNKNOWN,,,,,,,unknown,,,,,,,,,,,,,,,
Infected Mushroom (Live),infected mushroom (live),1,,,,,,,,,,UNKNOWN,,,,,,,unknown,,,,,,,,,,,,,,,
Infected Mushroom (DJ Set),infected mushroom (dj set),1,,,,,,,,,,UNKNOWN,,,,,,,unknown,,,,,,,,,,,,,,,
Speaker Honey,speaker honey,1,,,,,,,,,,UNKNOWN,,,,,,,unknown,,,,,,,,,,,,,,,
Saucy,saucy,2,,,,,,,,,,UNKNOWN,,,,,,,unknown,,,,,,,,,,,,,,,
RA,ra,2,,,,,,,,,,UNKNOWN,,,,,,,unknown,,,,,,,,,,,,,,,
Noel,noel,1,,,,,,,,,,UNKNOWN,,,,,,,unknown,,,,,,,,,,,,,,,
Aspirin,aspirin,1,,,,,,,,,,UNKNOWN,,,,,,,unknown,,,,,,,,,,,,,,,
Astronominal,astronominal,1,,,,,,,,,,UNKNOWN,,,,,,,unknown,,,,,,,,,,,,,,,
Mathias,mathias,1,,,,,,,,,,UNKNOWN,,,,,,,unknown,,,,,,,,,,,,,,,
Onelife,onelife,2,,,,,,,,,,UNKNOWN,,,,,,,unknown,,,,,,,,,,,,,,,
Serapher,serapher,1,,,,,,,,,,UNKNOWN,,,,,,,unknown,,,,,,,,,,,,,,,
Brett David,brett david,1,,,,,,,,,,UNKNOWN,,,,,,,unknown,,,,,,,,,,,,,,,
Raw Safari,raw safari,1,,,,,,,,,,UNKNOWN,,,,,,,unknown,,,,,,,,,,,,,,,
Danger Foley,danger foley,1,,,,,,,,,,UNKNOWN,,,,,,,unknown,,,,,,,,,,,,,,,
Puddles,puddles,1,,,,,,,,,,UNKNOWN,,,,,,,unknown,,,,,,,,,,,,,,,
Golden,golden,2,,,,,,,,,,UNKNOWN,,,,,,,unknown,,,,,,,,,,,,,,,
YOU&I,you&i,1,,,,,,,,,,UNKNOWN,,,,,,,unknown,,,,,,,,,,,,,,,
Lovecraft b2b Rodriguez Jr,lovecraft b2b rodriguez jr,1,,,,,,,,,,UNKNOWN,,,,,,,unknown,,,,,,,,,,,,,,,
Shahbbles,shahbbles,1,,,,,,,,,,UNKNOWN,,,,,,,unknown,,,,,,,,,,,,,,,
NHIBIT,nhibit,1,,,,,,,,,,UNKNOWN,,,,,,,unknown,,,,,,,,,,,,,,,
Jimmy Dirt,jimmy dirt,1,,,,,,,,,,UNKNOWN,,,,,,,unknown,,,,,,,,,,,,,,,
Mo'Steph,mo'steph,1,,,,,,,,,,UNKNOWN,,,,,,,unknown,,,,,,,,,,,,,,,
"Nat, not Nate","nat, not nate",1,,,,,,,,,,UNKNOWN,,,,,,,unknown,,,,,,,,,,,,,,,
Dana K,dana k,1,,,,,,,,,,UNKNOWN,,,,,,,unknown,,,,,,,,,,,,,,,
Orb,orb,1,,,,,,,,,,UNKNOWN,,,,,,,unknown,,,,,,,,,,,,,,,
Mango,mango,2,,,,,,,,,,UNKNOWN,,,,,,,unknown,,,,,,,,,,,,,,,
Santi,santi,1,,,,,,,,,,UNKNOWN,,,,,,,unknown,,,,,,,,,,,,,,,
Stork B2B Ringo,stork b2b ringo,1,,,,,,,,,,UNKNOWN,,,,,,,unknown,,,,,,,,,,,,,,,
Omni B2B Owen,omni b2b owen,1,,,,,,,,,,UNKNOWN,,,,,,,unknown,,,,,,,,,,,,,,,
Caro B2B Anna,caro b2b anna,1,,,,,,,,,,UNKNOWN,,,,,,,unknown,,,,,,,,,,,,,,,
Chinatown,chinatown,1,,,,,,,,,,UNKNOWN,,,,,,,unknown,,,,,,,,,,,,,,,
"Nyashville, TenISee","nyashville, tenisee",2,,,,,,,,,,UNKNOWN,,,,,,,unknown,,,,,,,,,,,,,,,
Parrzan,parrzan,2,,,,,,,,,,UNKNOWN,,,,,,,unknown,,,,,,,,,,,,,,,
Snark House DJ's,snark house dj's,1,,,,,,,,,,UNKNOWN,,,,,,,unknown,,,,,,,,,,,,,,,
Benni,benni,1,,,,,,,,,,UNKNOWN,,,,,,,unknown,,,,,,,,,,,,,,,
Damien,damien,3,,,,,,,,,,UNKNOWN,,,,,,,unknown,,,,,,,,,,,,,,,
Rickshaw,rickshaw,1,,,,,,,,,,UNKNOWN,,,,,,,unknown,,,,,,,,,,,,,,,
Armin,armin,1,,,,,,,,,,UNKNOWN,,,,,,,unknown,,,,,,,,,,,,,,,
Bophonic,bophonic,3,,,,,,,,,,UNKNOWN,,,,,,,unknown,,,,,,,,,,,,,,,
PEAKED,peaked,1,,,,,,,,,,UNKNOWN,,,,,,,unknown,,,,,,,,,,,,,,,
Dave Decibel,dave decibel,1,,,,,,,,,,UNKNOWN,,,,,,,unknown,,,,,,,,,,,,,,,
Nat Turner b2b HMU,nat turner b2b hmu,1,,,,,,,,,,UNKNOWN,,,,,,,unknown,,,,,,,,,,,,,,,
blackbrook,blackbrook,1,,,,,,,,,,UNKNOWN,,,,,,,unknown,,,,,,,,,,,,,,,
Burko,burko,1,,,,,,,,,,UNKNOWN,,,,,,,unknown,,,,,,,,,,,,,,,
Generator,generator,1,,,,,,,,,,UNKNOWN,,,,,,,unknown,,,,,,,,,,,,,,,
Mooglie,mooglie,1,,,,,,,,,,UNKNOWN,,,,,,,unknown,,,,,,,,,,,,,,,
Liz(zie) b2b Angelica,liz(zie) b2b angelica,1,,,,,,,,,,UNKNOWN,,,,,,,unknown,,,,,,,,,,,,,,,
Doozie,doozie,3,,,,,,,,,,UNKNOWN,,,,,,,unknown,,,,,,,,,,,,,,,
Vintage Culture,vintage culture,2,,,,,,,,,,UNKNOWN,,,,,,,unknown,,,,,,,,,,,,,,,
OMRI. & Friends,omri. & friends,1,,,,,,,,,,UNKNOWN,,,,,,,unknown,,,,,,,,,,,,,,,
rosso,rosso,1,,,,,,,,,,UNKNOWN,,,,,,,unknown,,,,,,,,,,,,,,,
trippie bri,trippie bri,1,,,,,,,,,,UNKNOWN,,,,,,,unknown,,,,,,,,,,,,,,,
wooz,wooz,1,,,,,,,,,,UNKNOWN,,,,,,,unknown,,,,,,,,,,,,,,,
rubï,rubï,1,,,,,,,,,,UNKNOWN,,,,,,,unknown,,,,,,,,,,,,,,,
Sanctum,sanctum,1,,,,,,,,,,UNKNOWN,,,,,,,unknown,,,,,,,,,,,,,,,
bad pupi,bad pupi,1,,,,,,,,,,UNKNOWN,,,,,,,unknown,,,,,,,,,,,,,,,
Feral Wils,feral wils,1,,,,,,,,,,UNKNOWN,,,,,,,unknown,,,,,,,,,,,,,,,
SHOOKA,shooka,1,,,,,,,,,,UNKNOWN,,,,,,,unknown,,,,,,,,,,,,,,,
wabin,wabin,1,,,,,,,,,,UNKNOWN,,,,,,,unknown,,,,,,,,,,,,,,,
Moiz noise,moiz noise,1,,,,,,,,,,UNKNOWN,,,,,,,unknown,,,,,,,,,,,,,,,
Adamaar,adamaar,1,,,,,,,,,,UNKNOWN,,,,,,,unknown,,,,,,,,,,,,,,,
Catori,catori,3,,,,,,,,,,UNKNOWN,,,,,,,unknown,,,,,,,,,,,,,,,
Dragonfly,dragonfly,2,,,,,,,,,,UNKNOWN,,,,,,,unknown,,,,,,,,,,,,,,,
Mosko & OI,mosko & oi,1,,,,,,,,,,UNKNOWN,,,,,,,unknown,,,,,,,,,,,,,,,
Sontèa,sontèa,1,,,,,,,,,,UNKNOWN,,,,,,,unknown,,,,,,,,,,,,,,,
WONX,wonx,1,,,,,,,,,,UNKNOWN,,,,,,,unknown,,,,,,,,,,,,,,,
Little Dinosaur,little dinosaur,1,,,,,,,,,,UNKNOWN,,,,,,,unknown,,,,,,,,,,,,,,,
Andrew Will,andrew will,1,,,,,,,,,,UNKNOWN,,,,,,,unknown,,,,,,,,,,,,,,,
KakeWalk,kakewalk,1,,,,,,,,,,UNKNOWN,,,,,,,unknown,,,,,,,,,,,,,,,
Warren Ji,warren ji,1,,,,,,,,,,UNKNOWN,,,,,,,unknown,,,,,,,,,,,,,,,
Rafael b2b Special Guests,rafael b2b special guests,1,,,,,,,,,,UNKNOWN,,,,,,,unknown,,,,,,,,,,,,,,,
Daddy J,daddy j,1,,,,,,,,,,UNKNOWN,,,,,,,unknown,,,,,,,,,,,,,,,
Rony b2b Doud b2b Pego,rony b2b doud b2b pego,1,,,,,,,,,,UNKNOWN,,,,,,,unknown,,,,,,,,,,,,,,,
Greg Eversoul,greg eversoul,3,,,,,,,,,,UNKNOWN,,,,,,,unknown,,,,,,,,,,,,,,,
Max Hagenbach,max hagenbach,1,,,,,,,,,,UNKNOWN,,,,,,,unknown,,,,,,,,,,,,,,,
Hunter,hunter,1,,,,,,,,,,UNKNOWN,,,,,,,unknown,,,,,,,,,,,,,,,
Johnnie Clutch,johnnie clutch,2,,,,,,,,,,UNKNOWN,,,,,,,unknown,,,,,,,,,,,,,,,
NOFUX,nofux,1,,,,,,,,,,UNKNOWN,,,,,,,unknown,,,,,,,,,,,,,,,
Dalfin,dalfin,1,,,,,,,,,,UNKNOWN,,,,,,,unknown,,,,,,,,,,,,,,,
Cult X,cult x,1,,,,,,,,,,UNKNOWN,,,,,,,unknown,,,,,,,,,,,,,,,
Yadu,yadu,1,,,,,,,,,,UNKNOWN,,,,,,,unknown,,,,,,,,,,,,,,,
Sam Shure b2b LaserLaura (Silkshake),sam shure b2b laserlaura (silkshake),1,,,,,,,,,,UNKNOWN,,,,,,,unknown,,,,,,,,,,,,,,,
Maqossa b2b Gawdat,maqossa b2b gawdat,1,,,,,,,,,,UNKNOWN,,,,,,,unknown,,,,,,,,,,,,,,,
Kimonos,kimonos,4,,,,,,,,,,UNKNOWN,,,,,,,unknown,,,,,,,,,,,,,,,
Beobe,beobe,1,,,,,,,,,,UNKNOWN,,,,,,,unknown,,,,,,,,,,,,,,,
Jamyn Phoenix,jamyn phoenix,1,,,,,,,,,,UNKNOWN,,,,,,,unknown,,,,,,,,,,,,,,,
Truu1,truu1,1,,,,,,,,,,UNKNOWN,,,,,,,unknown,,,,,,,,,,,,,,,
Waves of Pleasure b2b Rhythm Witxch,waves of pleasure b2b rhythm witxch,1,,,,,,,,,,UNKNOWN,,,,,,,unknown,,,,,,,,,,,,,,,
XUZA DJ's,xuza dj's,1,,,,,,,,,,UNKNOWN,,,,,,,unknown,,,,,,,,,,,,,,,
ALBA,alba,1,,,,,,,,,,UNKNOWN,,,,,,,unknown,,,,,,,,,,,,,,,
sachiko b2b gargar,sachiko b2b gargar,1,,,,,,,,,,UNKNOWN,,,,,,,unknown,,,,,,,,,,,,,,,
docta reebs,docta reebs,2,,,,,,,,,,UNKNOWN,,,,,,,unknown,,,,,,,,,,,,,,,
tronic,tronic,1,,,,,,,,,,UNKNOWN,,,,,,,unknown,,,,,,,,,,,,,,,
klintz,klintz,1,,,,,,,,,,UNKNOWN,,,,,,,unknown,,,,,,,,,,,,,,,
dj spacecamp,dj spacecamp,2,,,,,,,,,,UNKNOWN,,,,,,,unknown,,,,,,,,,,,,,,,
FIERS,fiers,2,,,,,,,,,,UNKNOWN,,,,,,,unknown,,,,,,,,,,,,,,,
turtletheory,turtletheory,2,,,,,,,,,,UNKNOWN,,,,,,,unknown,,,,,,,,,,,,,,,
Asli Kose,asli kose,2,,,,,,,,,,UNKNOWN,,,,,,,unknown,,,,,,,,,,,,,,,
"Artemistique, BGolden, Jim Reynolds","artemistique, bgolden, jim reynolds",1,,,,,,,,,,UNKNOWN,,,,,,,unknown,,,,,,,,,,,,,,,
Tommy Raffa,tommy raffa,1,,,,,,,,,,UNKNOWN,,,,,,,unknown,,,,,,,,,,,,,,,
Xinobi b2b Losha,xinobi b2b losha,2,,,,,,,,,,UNKNOWN,,,,,,,unknown,,,,,,,,,,,,,,,
Madmotormiquel b2b Kotoe,madmotormiquel b2b kotoe,1,,,,,,,,,,UNKNOWN,,,,,,,unknown,,,,,,,,,,,,,,,
Nacho Isa b2b Isabeau fort,nacho isa b2b isabeau fort,1,,,,,,,,,,UNKNOWN,,,,,,,unknown,,,,,,,,,,,,,,,
Maxxe b2b Von Davis,maxxe b2b von davis,1,,,,,,,,,,UNKNOWN,,,,,,,unknown,,,,,,,,,,,,,,,
Karma,karma,1,,,,,,,,,,UNKNOWN,,,,,,,unknown,,,,,,,,,,,,,,,
The love doctor,the love doctor,1,,,,,,,,,,UNKNOWN,,,,,,,unknown,,,,,,,,,,,,,,,
Feen,feen,3,,,,,,,,,,UNKNOWN,,,,,,,unknown,,,,,,,,,,,,,,,
Tycho,tycho,3,,,,,,,,,,UNKNOWN,,,,,,,unknown,,,,,,,,,,,,,,,
Dane,dane,1,,,,,,,,,,UNKNOWN,,,,,,,unknown,,,,,,,,,,,,,,,
yroc,yroc,1,,,,,,,,,,UNKNOWN,,,,,,,unknown,,,,,,,,,,,,,,,
Morgatron,morgatron,1,,,,,,,,,,UNKNOWN,,,,,,,unknown,,,,,,,,,,,,,,,
Diddly Squatters,diddly squatters,1,,,,,,,,,,UNKNOWN,,,,,,,unknown,,,,,,,,,,,,,,,
Karpfen Und Speck,karpfen und speck,3,,,,,,,,,,UNKNOWN,,,,,,,unknown,,,,,,,,,,,,,,,
Captain America,captain america,1,,,,,,,,,,UNKNOWN,,,,,,,unknown,,,,,,,,,,,,,,,
Iggy,iggy,2,,,,,,,,,,UNKNOWN,,,,,,,unknown,,,,,,,,,,,,,,,
Martin Fuego,martin fuego,1,,,,,,,,,,UNKNOWN,,,,,,,unknown,,,,,,,,,,,,,,,
Lagrande,lagrande,1,,,,,,,,,,UNKNOWN,,,,,,,unknown,,,,,,,,,,,,,,,
Sarah Wild,sarah wild,1,,,,,,,,,,UNKNOWN,,,,,,,unknown,,,,,,,,,,,,,,,
alexander:louis b2b opal,alexander:louis b2b opal,1,,,,,,,,,,UNKNOWN,,,,,,,unknown,,,,,,,,,,,,,,,
Seba,seba,1,,,,,,,,,,UNKNOWN,,,,,,,unknown,,,,,,,,,,,,,,,
AGENT PROVOCATEUR (UA),agent provocateur (ua),1,,,,,,,,,,UNKNOWN,,,,,,,unknown,,,,,,,,,,,,,,,
Matt Denton,matt denton,1,,,,,,,,,,UNKNOWN,,,,,,,unknown,,,,,,,,,,,,,,,
DJ P3tunia,dj p3tunia,3,,,,,,,,,,UNKNOWN,,,,,,,unknown,,,,,,,,,,,,,,,
Travis Press,travis press,3,,,,,,,,,,UNKNOWN,,,,,,,unknown,,,,,,,,,,,,,,,
Debra B2B Electrolyte,debra b2b electrolyte,1,,,,,,,,,,UNKNOWN,,,,,,,unknown,,,,,,,,,,,,,,,
Black Rock Philharmonic,black rock philharmonic,4,,,,,,,,,,UNKNOWN,,,,,,,unknown,,,,,,,,,,,,,,,
Shadow of the Man,shadow of the man,1,,,,,,,,,,UNKNOWN,,,,,,,unknown,,,,,,,,,,,,,,,
Kinda Sorta with Tim,kinda sorta with tim,1,,,,,,,,,,UNKNOWN,,,,,,,unknown,,,,,,,,,,,,,,,
Social Propaganda Club,social propaganda club,1,,,,,,,,,,UNKNOWN,,,,,,,unknown,,,,,,,,,,,,,,,
Kaleidoscope Mixtape,kaleidoscope mixtape,1,,,,,,,,,,UNKNOWN,,,,,,,unknown,,,,,,,,,,,,,,,
Julieta Alvarez,julieta alvarez,1,,,,,,,,,,UNKNOWN,,,,,,,unknown,,,,,,,,,,,,,,,
Doom + Please Leave,doom + please leave,1,,,,,,,,,,UNKNOWN,,,,,,,unknown,,,,,,,,,,,,,,,
Philarmonic Live Broadcast,philarmonic live broadcast,1,,,,,,,,,,UNKNOWN,,,,,,,unknown,,,,,,,,,,,,,,,
Kanizzle + Leo Interview,kanizzle + leo interview,1,,,,,,,,,,UNKNOWN,,,,,,,unknown,,,,,,,,,,,,,,,
Xercole,xercole,2,,,,,,,,,,UNKNOWN,,,,,,,unknown,,,,,,,,,,,,,,,
SoulMystic,soulmystic,1,,,,,,,,,,UNKNOWN,,,,,,,unknown,,,,,,,,,,,,,,,
Brendan Daniel,brendan daniel,1,,,,,,,,,,UNKNOWN,,,,,,,unknown,,,,,,,,,,,,,,,
ashtré,ashtré,1,,,,,,,,,,UNKNOWN,,,,,,,unknown,,,,,,,,,,,,,,,
Phleck (Janky Barge),phleck (janky barge),1,,,,,,,,,,UNKNOWN,,,,,,,unknown,,,,,,,,,,,,,,,
Honeygold,honeygold,1,,,,,,,,,,UNKNOWN,,,,,,,unknown,,,,,,,,,,,,,,,
Omnicock,omnicock,1,,,,,,,,,,UNKNOWN,,,,,,,unknown,,,,,,,,,,,,,,,
Blaze Claze,blaze claze,1,,,,,,,,,,UNKNOWN,,,,,,,unknown,,,,,,,,,,,,,,,
CARO,caro,1,,,,,,,,,,UNKNOWN,,,,,,,unknown,,,,,,,,,,,,,,,
Feather (Live Ambient Synth Set),feather (live ambient synth set),1,,,,,,,,,,UNKNOWN,,,,,,,unknown,,,,,,,,,,,,,,,
Tragically Hip,tragically hip,1,,,,,,,,,,UNKNOWN,,,,,,,unknown,,,,,,,,,,,,,,,
BtchPlz,btchplz,1,,,,,,,,,,UNKNOWN,,,,,,,unknown,,,,,,,,,,,,,,,
Launchpad Infinity,launchpad infinity,2,,,,,,,,,,UNKNOWN,,,,,,,unknown,,,,,,,,,,,,,,,
S'akiibaum,s'akiibaum,2,,,,,,,,,,UNKNOWN,,,,,,,unknown,,,,,,,,,,,,,,,
Madison Orange,madison orange,1,,,,,,,,,,UNKNOWN,,,,,,,unknown,,,,,,,,,,,,,,,
Peter,peter,1,,,,,,,,,,UNKNOWN,,,,,,,unknown,,,,,,,,,,,,,,,
Artem,artem,1,,,,,,,,,,UNKNOWN,,,,,,,unknown,,,,,,,,,,,,,,,
Brandon,brandon,1,,,,,,,,,,UNKNOWN,,,,,,,unknown,,,,,,,,,,,,,,,
Thomas,thomas,1,,,,,,,,,,UNKNOWN,,,,,,,unknown,,,,,,,,,,,,,,,
Eduardo Castillo,eduardo castillo,1,,,,,,,,,,UNKNOWN,,,,,,,unknown,,,,,,,,,,,,,,,
Peter Guzman,peter guzman,1,,,,,,,,,,UNKNOWN,,,,,,,unknown,,,,,,,,,,,,,,,
Pompoklap,pompoklap,1,,,,,,,,,,UNKNOWN,,,,,,,unknown,,,,,,,,,,,,,,,
Manfredi 大人,manfredi 大人,1,,,,,,,,,,UNKNOWN,,,,,,,unknown,,,,,,,,,,,,,,,
SOL∆RIS,sol∆ris,1,,,,,,,,,,UNKNOWN,,,,,,,unknown,,,,,,,,,,,,,,,
Daydream & Land Ho! artists,daydream & land ho! artists,3,,,,,,,,,,UNKNOWN,,,,,,,unknown,,,,,,,,,,,,,,,
Bloom Camp Artists,bloom camp artists,1,,,,,,,,,,UNKNOWN,,,,,,,unknown,,,,,,,,,,,,,,,
J-Thor,j-thor,2,,,,,,,,,,UNKNOWN,,,,,,,unknown,,,,,,,,,,,,,,,
Gordyceps,gordyceps,2,,,,,,,,,,UNKNOWN,,,,,,,unknown,,,,,,,,,,,,,,,
Tantum,tantum,3,,,,,,,,,,UNKNOWN,,,,,,,unknown,,,,,,,,,,,,,,,
kae low,kae low,1,,,,,,,,,,UNKNOWN,,,,,,,unknown,,,,,,,,,,,,,,,
Kr3ture,kr3ture,2,,,,,,,,,,UNKNOWN,,,,,,,unknown,,,,,,,,,,,,,,,
Moist Magnolia,moist magnolia,1,,,,,,,,,,UNKNOWN,,,,,,,unknown,,,,,,,,,,,,,,,
it's murph,it's murph,1,,,,,,,,,,UNKNOWN,,,,,,,unknown,,,,,,,,,,,,,,,
AnuBliss Sound,anubliss sound,1,,,,,,,,,,UNKNOWN,,,,,,,unknown,,,,,,,,,,,,,,,
HANDZ,handz,2,,,,,,,,,,UNKNOWN,,,,,,,unknown,,,,,,,,,,,,,,,
Infinight,infinight,1,,,,,,,,,,UNKNOWN,,,,,,,unknown,,,,,,,,,,,,,,,
Dr. Botox,dr. botox,1,,,,,,,,,,UNKNOWN,,,,,,,unknown,,,,,,,,,,,,,,,
Gandalf,gandalf,1,,,,,,,,,,UNKNOWN,,,,,,,unknown,,,,,,,,,,,,,,,
Reza x Grudi,reza x grudi,1,,,,,,,,,,UNKNOWN,,,,,,,unknown,,,,,,,,,,,,,,,
Emanate,emanate,2,,,,,,,,,,UNKNOWN,,,,,,,unknown,,,,,,,,,,,,,,,
Special Guest,special guest,10,,,,,,,,,,UNKNOWN,,,,,,,unknown,,,,,,,,,,,,,,,
404,404,1,,,,,,,,,,UNKNOWN,,,,,,,unknown,,,,,,,,,,,,,,,
Jerzy del Mar,jerzy del mar,2,,,,,,,,,,UNKNOWN,,,,,,,unknown,,,,,,,,,,,,,,,
Adil,adil,1,,,,,,,,,,UNKNOWN,,,,,,,unknown,,,,,,,,,,,,,,,
GIINA,giina,1,,,,,,,,,,UNKNOWN,,,,,,,unknown,,,,,,,,,,,,,,,
Leni,leni,1,,,,,,,,,,UNKNOWN,,,,,,,unknown,,,,,,,,,,,,,,,
Adaamar / Around The World,adaamar / around the world,1,,,,,,,,,,UNKNOWN,,,,,,,unknown,,,,,,,,,,,,,,,
Rampue Live,rampue live,1,,,,,,,,,,UNKNOWN,,,,,,,unknown,,,,,,,,,,,,,,,
Kotoe,kotoe,1,,,,,,,,,,UNKNOWN,,,,,,,unknown,,,,,,,,,,,,,,,
Mary Mesk,mary mesk,1,,,,,,,,,,UNKNOWN,,,,,,,unknown,,,,,,,,,,,,,,,
Vintage Culture b2b OMRI.,vintage culture b2b omri.,1,,,,,,,,,,UNKNOWN,,,,,,,unknown,,,,,,,,,,,,,,,
Anna,anna,1,,,,,,,,,,UNKNOWN,,,,,,,unknown,,,,,,,,,,,,,,,
Inected Mushroom,inected mushroom,1,,,,,,,,,,UNKNOWN,,,,,,,unknown,,,,,,,,,,,,,,,
Wrecked Machine vs Vermont,wrecked machine vs vermont,1,,,,,,,,,,UNKNOWN,,,,,,,unknown,,,,,,,,,,,,,,,
KaFoutski,kafoutski,1,,,,,,,,,,UNKNOWN,,,,,,,unknown,,,,,,,,,,,,,,,
Cheeks,cheeks,3,,,,,,,,,,UNKNOWN,,,,,,,unknown,,,,,,,,,,,,,,,
Dazy Duke,dazy duke,1,,,,,,,,,,UNKNOWN,,,,,,,unknown,,,,,,,,,,,,,,,
QIHKAL,qihkal,1,,,,,,,,,,UNKNOWN,,,,,,,unknown,,,,,,,,,,,,,,,
Chlorophil,chlorophil,1,,,,,,,,,,UNKNOWN,,,,,,,unknown,,,,,,,,,,,,,,,
Hookahdome Players,hookahdome players,4,,,,,,,,,,UNKNOWN,,,,,,,unknown,,,,,,,,,,,,,,,
DJ Black Magic,dj black magic,1,,,,,,,,,,UNKNOWN,,,,,,,unknown,,,,,,,,,,,,,,,
Ronnie Beats,ronnie beats,1,,,,,,,,,,UNKNOWN,,,,,,,unknown,,,,,,,,,,,,,,,
Meena Zaki,meena zaki,1,,,,,,,,,,UNKNOWN,,,,,,,unknown,,,,,,,,,,,,,,,
grayduck,grayduck,1,,,,,,,,,,UNKNOWN,,,,,,,unknown,,,,,,,,,,,,,,,
N0T H3R3,n0t h3r3,1,,,,,,,,,,UNKNOWN,,,,,,,unknown,,,,,,,,,,,,,,,
Bryn Avery,bryn avery,2,,,,,,,,,,UNKNOWN,,,,,,,unknown,,,,,,,,,,,,,,,
Krüz,krüz,2,,,,,,,,,,UNKNOWN,,,,,,,unknown,,,,,,,,,,,,,,,
Mai Tai B2B Yeshua,mai tai b2b yeshua,1,,,,,,,,,,UNKNOWN,,,,,,,unknown,,,,,,,,,,,,,,,
Enjie,enjie,1,,,,,,,,,,UNKNOWN,,,,,,,unknown,,,,,,,,,,,,,,,
Major Tom (Progressive Set),major tom (progressive set),1,,,,,,,,,,UNKNOWN,,,,,,,unknown,,,,,,,,,,,,,,,
Vetica,vetica,1,,,,,,,,,,UNKNOWN,,,,,,,unknown,,,,,,,,,,,,,,,
Phil Evans b2b Todd Spero (Sunrise,phil evans b2b todd spero (sunrise,1,,,,,,,,,,UNKNOWN,,,,,,,unknown,,,,,,,,,,,,,,,
You,you,2,,,,,,,,,,UNKNOWN,,,,,,,unknown,,,,,,,,,,,,,,,
BearFoot,bearfoot,1,,,,,,,,,,UNKNOWN,,,,,,,unknown,,,,,,,,,,,,,,,
Ksenyeah B2B Manguito,ksenyeah b2b manguito,1,,,,,,,,,,UNKNOWN,,,,,,,unknown,,,,,,,,,,,,,,,
Sam Shure b2 Laser Laura (SilkShake),sam shure b2 laser laura (silkshake),1,,,,,,,,,,UNKNOWN,,,,,,,unknown,,,,,,,,,,,,,,,
Club Dü Combat,club dü combat,1,,,,,,,,,,UNKNOWN,,,,,,,unknown,,,,,,,,,,,,,,,
Vanjee,vanjee,3,,,,,,,,,,UNKNOWN,,,,,,,unknown,,,,,,,,,,,,,,,
ọba+flip,ọba+flip,1,,,,,,,,,,UNKNOWN,,,,,,,unknown,,,,,,,,,,,,,,,
Hex Appeal,hex appeal,1,,,,,,,,,,UNKNOWN,,,,,,,unknown,,,,,,,,,,,,,,,
Orbel,orbel,1,,,,,,,,,,UNKNOWN,,,,,,,unknown,,,,,,,,,,,,,,,
Cieux,cieux,1,,,,,,,,,,UNKNOWN,,,,,,,unknown,,,,,,,,,,,,,,,
Lightmotif,lightmotif,1,,,,,,,,,,UNKNOWN,,,,,,,unknown,,,,,,,,,,,,,,,
Madder Daddy,madder daddy,1,,,,,,,,,,UNKNOWN,,,,,,,unknown,,,,,,,,,,,,,,,
PETRU KSS,petru kss,1,,,,,,,,,,UNKNOWN,,,,,,,unknown,,,,,,,,,,,,,,,
_REDACTED,_redacted,1,,,,,,,,,,UNKNOWN,,,,,,,unknown,,,,,,,,,,,,,,,
Dj Dan in Memomorium Archival Set,dj dan in memomorium archival set,1,,,,,,,,,,UNKNOWN,,,,,,,unknown,,,,,,,,,,,,,,,
Siren Gliss,siren gliss,1,,,,,,,,,,UNKNOWN,,,,,,,unknown,,,,,,,,,,,,,,,
Jakli,jakli,1,,,,,,,,,,UNKNOWN,,,,,,,unknown,,,,,,,,,,,,,,,
Mel Seme,mel seme,1,,,,,,,,,,UNKNOWN,,,,,,,unknown,,,,,,,,,,,,,,,
The Human Experience,the human experience,1,,,,,,,,,,UNKNOWN,,,,,,,unknown,,,,,,,,,,,,,,,
Deer Jade,deer jade,1,,,,,,,,,,UNKNOWN,,,,,,,unknown,,,,,,,,,,,,,,,
Angélica Möller,angélica möller,1,,,,,,,,,,UNKNOWN,,,,,,,unknown,,,,,,,,,,,,,,,
Alaya,alaya,1,,,,,,,,,,UNKNOWN,,,,,,,unknown,,,,,,,,,,,,,,,
WellSee,wellsee,1,,,,,,,,,,UNKNOWN,,,,,,,unknown,,,,,,,,,,,,,,,
DJ Zip Disk,dj zip disk,3,,,,,,,,,,UNKNOWN,,,,,,,unknown,,,,,,,,,,,,,,,
Sage Farris,sage farris,1,,,,,,,,,,UNKNOWN,,,,,,,unknown,,,,,,,,,,,,,,,
Akira,akira,1,,,,,,,,,,UNKNOWN,,,,,,,unknown,,,,,,,,,,,,,,,
Alyssa,alyssa,1,,,,,,,,,,UNKNOWN,,,,,,,unknown,,,,,,,,,,,,,,,
Offskee,offskee,1,,,,,,,,,,UNKNOWN,,,,,,,unknown,,,,,,,,,,,,,,,
Beltran,beltran,1,,,,,,,,,,UNKNOWN,,,,,,,unknown,,,,,,,,,,,,,,,
Grammar,grammar,1,,,,,,,,,,UNKNOWN,,,,,,,unknown,,,,,,,,,,,,,,,
CЯSPY,cяspy,1,,,,,,,,,,UNKNOWN,,,,,,,unknown,,,,,,,,,,,,,,,
Madison Orange (Sunrise Set),madison orange (sunrise set),1,,,,,,,,,,UNKNOWN,,,,,,,unknown,,,,,,,,,,,,,,,
"Hypnotic, Groove, Underground Techno","hypnotic, groove, underground techno",2,,,,,,,,,,UNKNOWN,,,,,,,unknown,,,,,,,,,,,,,,,
Seraphiel,seraphiel,1,,,,,,,,,,UNKNOWN,,,,,,,unknown,,,,,,,,,,,,,,,
Don Rage,don rage,1,,,,,,,,,,UNKNOWN,,,,,,,unknown,,,,,,,,,,,,,,,
L'Core,l'core,2,,,,,,,,,,UNKNOWN,,,,,,,unknown,,,,,,,,,,,,,,,
Petty,petty,1,,,,,,,,,,UNKNOWN,,,,,,,unknown,,,,,,,,,,,,,,,
Parra for Cuva x Dan + Jasmine,parra for cuva x dan + jasmine,1,,,,,,,,,,UNKNOWN,,,,,,,unknown,,,,,,,,,,,,,,,
Jo.Ke x Dan + Jasmine,jo.ke x dan + jasmine,1,,,,,,,,,,UNKNOWN,,,,,,,unknown,,,,,,,,,,,,,,,
Izze Azalea,izze azalea,1,,,,,,,,,,UNKNOWN,,,,,,,unknown,,,,,,,,,,,,,,,
DJ RHYTHMX,dj rhythmx,1,,,,,,,,,,UNKNOWN,,,,,,,unknown,,,,,,,,,,,,,,,
Roxanne Roll,roxanne roll,2,,,,,,,,,,UNKNOWN,,,,,,,unknown,,,,,,,,,,,,,,,
Jimmy Hits,jimmy hits,1,,,,,,,,,,UNKNOWN,,,,,,,unknown,,,,,,,,,,,,,,,
Adam Iko,adam iko,1,,,,,,,,,,UNKNOWN,,,,,,,unknown,,,,,,,,,,,,,,,
Chowdahdog,chowdahdog,1,,,,,,,,,,UNKNOWN,,,,,,,unknown,,,,,,,,,,,,,,,
Michael Okimoto,michael okimoto,3,,,,,,,,,,UNKNOWN,,,,,,,unknown,,,,,,,,,,,,,,,
Grant Kaye,grant kaye,3,,,,,,,,,,UNKNOWN,,,,,,,unknown,,,,,,,,,,,,,,,
Idiot Savant,idiot savant,3,,,,,,,,,,UNKNOWN,,,,,,,unknown,,,,,,,,,,,,,,,
Rajelvis,rajelvis,1,,,,,,,,,,UNKNOWN,,,,,,,unknown,,,,,,,,,,,,,,,
Mike S,mike s,1,,,,,,,,,,UNKNOWN,,,,,,,unknown,,,,,,,,,,,,,,,
Gentry,gentry,1,,,,,,,,,,UNKNOWN,,,,,,,unknown,,,,,,,,,,,,,,,
Spectator,spectator,1,,,,,,,,,,UNKNOWN,,,,,,,unknown,,,,,,,,,,,,,,,
RAZL,razl,1,,,,,,,,,,UNKNOWN,,,,,,,unknown,,,,,,,,,,,,,,,
Fabio,fabio,1,,,,,,,,,,UNKNOWN,,,,,,,unknown,,,,,,,,,,,,,,,
Ivo Naries,ivo naries,2,,,,,,,,,,UNKNOWN,,,,,,,unknown,,,,,,,,,,,,,,,
illich Mujica b2b Hedda Stenberg,illich mujica b2b hedda stenberg,1,,,,,,,,,,UNKNOWN,,,,,,,unknown,,,,,,,,,,,,,,,
Two friends,two friends,1,,,,,,,,,,UNKNOWN,,,,,,,unknown,,,,,,,,,,,,,,,
TYLIN,tylin,1,,,,,,,,,,UNKNOWN,,,,,,,unknown,,,,,,,,,,,,,,,
Cockfight,cockfight,1,,,,,,,,,,UNKNOWN,,,,,,,unknown,,,,,,,,,,,,,,,
Charlie Hustle,charlie hustle,1,,,,,,,,,,UNKNOWN,,,,,,,unknown,,,,,,,,,,,,,,,
Mobad,mobad,2,,,,,,,,,,UNKNOWN,,,,,,,unknown,,,,,,,,,,,,,,,
CRSPY,crspy,1,,,,,,,,,,UNKNOWN,,,,,,,unknown,,,,,,,,,,,,,,,
Lazwell,lazwell,1,,,,,,,,,,UNKNOWN,,,,,,,unknown,,,,,,,,,,,,,,,
Nheré,nheré,1,,,,,,,,,,UNKNOWN,,,,,,,unknown,,,,,,,,,,,,,,,
BRAC,brac,1,,,,,,,,,,UNKNOWN,,,,,,,unknown,,,,,,,,,,,,,,,
Victor Souz,victor souz,1,,,,,,,,,,UNKNOWN,,,,,,,unknown,,,,,,,,,,,,,,,
Monobase b2b Nevos,monobase b2b nevos,1,,,,,,,,,,UNKNOWN,,,,,,,unknown,,,,,,,,,,,,,,,
Reza,reza,1,,,,,,,,,,UNKNOWN,,,,,,,unknown,,,,,,,,,,,,,,,
Akira (BE),akira (be),1,,,,,,,,,,UNKNOWN,,,,,,,unknown,,,,,,,,,,,,,,,
Maddy O'NEAL,maddy o'neal,1,,,,,,,,,,UNKNOWN,,,,,,,unknown,,,,,,,,,,,,,,,
SOL△RIS B2B OnTheFritz,sol△ris b2b onthefritz,1,,,,,,,,,,UNKNOWN,,,,,,,unknown,,,,,,,,,,,,,,,
illich Mujica,illich mujica,2,,,,,,,,,,UNKNOWN,,,,,,,unknown,,,,,,,,,,,,,,,
Natascha Polké,natascha polké,1,,,,,,,,,,UNKNOWN,,,,,,,unknown,,,,,,,,,,,,,,,
Avi Snow,avi snow,1,,,,,,,,,,UNKNOWN,,,,,,,unknown,,,,,,,,,,,,,,,
Yanis,yanis,1,,,,,,,,,,UNKNOWN,,,,,,,unknown,,,,,,,,,,,,,,,
Caro Libertad,caro libertad,1,,,,,,,,,,UNKNOWN,,,,,,,unknown,,,,,,,,,,,,,,,
Miss GiGi,miss gigi,1,,,,,,,,,,UNKNOWN,,,,,,,unknown,,,,,,,,,,,,,,,
Théo Wizman,théo wizman,1,,,,,,,,,,UNKNOWN,,,,,,,unknown,,,,,,,,,,,,,,,
Nikita b2b bilaliwood,nikita b2b bilaliwood,1,,,,,,,,,,UNKNOWN,,,,,,,unknown,,,,,,,,,,,,,,,
Nitin,nitin,1,,,,,,,,,,UNKNOWN,,,,,,,unknown,,,,,,,,,,,,,,,
Dmak,dmak,1,,,,,,,,,,UNKNOWN,,,,,,,unknown,,,,,,,,,,,,,,,
Shawna,shawna,1,,,,,,,,,,UNKNOWN,,,,,,,unknown,,,,,,,,,,,,,,,
Josh Vincent,josh vincent,1,,,,,,,,,,UNKNOWN,,,,,,,unknown,,,,,,,,,,,,,,,
Duke Shin,duke shin,1,,,,,,,,,,UNKNOWN,,,,,,,unknown,,,,,,,,,,,,,,,
Holmar b2b Dax Lee,holmar b2b dax lee,1,,,,,,,,,,UNKNOWN,,,,,,,unknown,,,,,,,,,,,,,,,
Elyse,elyse,2,,,,,,,,,,UNKNOWN,,,,,,,unknown,,,,,,,,,,,,,,,
Off Duty,off duty,1,,,,,,,,,,UNKNOWN,,,,,,,unknown,,,,,,,,,,,,,,,
Sam Drank b2b gargar,sam drank b2b gargar,1,,,,,,,,,,UNKNOWN,,,,,,,unknown,,,,,,,,,,,,,,,
Moondrop,moondrop,4,,,,,,,,,,UNKNOWN,,,,,,,unknown,,,,,,,,,,,,,,,
Eliana Silviera,eliana silviera,1,,,,,,,,,,UNKNOWN,,,,,,,unknown,,,,,,,,,,,,,,,
Shaun Reeves,shaun reeves,1,,,,,,,,,,UNKNOWN,,,,,,,unknown,,,,,,,,,,,,,,,
Justin Shaffer,justin shaffer,1,,,,,,,,,,UNKNOWN,,,,,,,unknown,,,,,,,,,,,,,,,
Aline Brooklyn b2b David Triana,aline brooklyn b2b david triana,1,,,,,,,,,,UNKNOWN,,,,,,,unknown,,,,,,,,,,,,,,,
Deniz Reno,deniz reno,2,,,,,,,,,,UNKNOWN,,,,,,,unknown,,,,,,,,,,,,,,,
Xinobi,xinobi,3,,,,,,,,,,UNKNOWN,,,,,,,unknown,,,,,,,,,,,,,,,
Luch,luch,1,,,,,,,,,,UNKNOWN,,,,,,,unknown,,,,,,,,,,,,,,,
Elysian Moon,elysian moon,1,,,,,,,,,,UNKNOWN,,,,,,,unknown,,,,,,,,,,,,,,,
Mobâd,mobâd,1,,,,,,,,,,UNKNOWN,,,,,,,unknown,,,,,,,,,,,,,,,
CHÁ,chá,1,,,,,,,,,,UNKNOWN,,,,,,,unknown,,,,,,,,,,,,,,,
Louis The Child,louis the child,2,,,,,,,,,,UNKNOWN,,,,,,,unknown,,,,,,,,,,,,,,,
Sasta,sasta,1,,,,,,,,,,UNKNOWN,,,,,,,unknown,,,,,,,,,,,,,,,
Bridget B,bridget b,1,,,,,,,,,,UNKNOWN,,,,,,,unknown,,,,,,,,,,,,,,,
Node Camp Residents,node camp residents,1,,,,,,,,,,UNKNOWN,,,,,,,unknown,,,,,,,,,,,,,,,
Gabi Musayev,gabi musayev,1,,,,,,,,,,UNKNOWN,,,,,,,unknown,,,,,,,,,,,,,,,
Monkeywrench,monkeywrench,1,,,,,,,,,,UNKNOWN,,,,,,,unknown,,,,,,,,,,,,,,,
E!,e!,1,,,,,,,,,,UNKNOWN,,,,,,,unknown,,,,,,,,,,,,,,,
Starbuck,starbuck,1,,,,,,,,,,UNKNOWN,,,,,,,unknown,,,,,,,,,,,,,,,
B-Side,b-side,1,,,,,,,,,,UNKNOWN,,,,,,,unknown,,,,,,,,,,,,,,,
Justin,justin,1,,,,,,,,,,UNKNOWN,,,,,,,unknown,,,,,,,,,,,,,,,
Rusty Thronbone,rusty thronbone,1,,,,,,,,,,UNKNOWN,,,,,,,unknown,,,,,,,,,,,,,,,
DJ Swamp Thing,dj swamp thing,1,,,,,,,,,,UNKNOWN,,,,,,,unknown,,,,,,,,,,,,,,,
Henry Mah,henry mah,1,,,,,,,,,,UNKNOWN,,,,,,,unknown,,,,,,,,,,,,,,,
MASSIO,massio,1,,,,,,,,,,UNKNOWN,,,,,,,unknown,,,,,,,,,,,,,,,
OVEOUS,oveous,2,,,,,,,,,,UNKNOWN,,,,,,,unknown,,,,,,,,,,,,,,,
OBA+FLIP,oba+flip,1,,,,,,,,,,UNKNOWN,,,,,,,unknown,,,,,,,,,,,,,,,
Lee Mayjahs?,lee mayjahs?,1,,,,,,,,,,UNKNOWN,,,,,,,unknown,,,,,,,,,,,,,,,
Metonymy,metonymy,1,,,,,,,,,,UNKNOWN,,,,,,,unknown,,,,,,,,,,,,,,,
Dica,dica,1,,,,,,,,,,UNKNOWN,,,,,,,unknown,,,,,,,,,,,,,,,
Mind Vibration,mind vibration,1,,,,,,,,,,UNKNOWN,,,,,,,unknown,,,,,,,,,,,,,,,
DJ Thuk Noche,dj thuk noche,1,,,,,,,,,,UNKNOWN,,,,,,,unknown,,,,,,,,,,,,,,,
Entropic,entropic,1,,,,,,,,,,UNKNOWN,,,,,,,unknown,,,,,,,,,,,,,,,
Maximizer,maximizer,1,,,,,,,,,,UNKNOWN,,,,,,,unknown,,,,,,,,,,,,,,,
Mongo,mongo,1,,,,,,,,,,UNKNOWN,,,,,,,unknown,,,,,,,,,,,,,,,
Aerobix,aerobix,1,,,,,,,,,,UNKNOWN,,,,,,,unknown,,,,,,,,,,,,,,,
Formica,formica,1,,,,,,,,,,UNKNOWN,,,,,,,unknown,,,,,,,,,,,,,,,
DAD SF,dad sf,1,,,,,,,,,,UNKNOWN,,,,,,,unknown,,,,,,,,,,,,,,,
CK9 & Dash,ck9 & dash,1,,,,,,,,,,UNKNOWN,,,,,,,unknown,,,,,,,,,,,,,,,
Truprwulf,truprwulf,3,,,,,,,,,,UNKNOWN,,,,,,,unknown,,,,,,,,,,,,,,,
The Cheek on the Left,the cheek on the left,1,,,,,,,,,,UNKNOWN,,,,,,,unknown,,,,,,,,,,,,,,,
The Great Habaneroo,the great habaneroo,1,,,,,,,,,,UNKNOWN,,,,,,,unknown,,,,,,,,,,,,,,,
BRP feat. Playa Choir,brp feat. playa choir,1,,,,,,,,,,UNKNOWN,,,,,,,unknown,,,,,,,,,,,,,,,
Danger Ranger,danger ranger,1,,,,,,,,,,UNKNOWN,,,,,,,unknown,,,,,,,,,,,,,,,
BemmeR Presents,bemmer presents,1,,,,,,,,,,UNKNOWN,,,,,,,unknown,,,,,,,,,,,,,,,
Wolverine,wolverine,1,,,,,,,,,,UNKNOWN,,,,,,,unknown,,,,,,,,,,,,,,,
Burning Man Live,burning man live,1,,,,,,,,,,UNKNOWN,,,,,,,unknown,,,,,,,,,,,,,,,
Kristjan,kristjan,1,,,,,,,,,,UNKNOWN,,,,,,,unknown,,,,,,,,,,,,,,,
More TBA,more tba,1,,,,,,,,,,UNKNOWN,,,,,,,unknown,,,,,,,,,,,,,,,
Doom,doom,1,,,,,,,,,,UNKNOWN,,,,,,,unknown,,,,,,,,,,,,,,,
Vitamin B,vitamin b,1,,,,,,,,,,UNKNOWN,,,,,,,unknown,,,,,,,,,,,,,,,
LiquorBox,liquorbox,1,,,,,,,,,,UNKNOWN,,,,,,,unknown,,,,,,,,,,,,,,,
Unders & friends,unders & friends,1,,,,,,,,,,UNKNOWN,,,,,,,unknown,,,,,,,,,,,,,,,
2Juicy,2juicy,4,,,,,,,,,,UNKNOWN,,,,,,,unknown,,,,,,,,,,,,,,,
Kaizen,kaizen,2,,,,,,,,,,UNKNOWN,,,,,,,unknown,,,,,,,,,,,,,,,
Fiendi,fiendi,3,,,,,,,,,,UNKNOWN,,,,,,,unknown,,,,,,,,,,,,,,,
Mooglie + Betical,mooglie + betical,1,,,,,,,,,,UNKNOWN,,,,,,,unknown,,,,,,,,,,,,,,,
Jerzey del Mar,jerzey del mar,1,,,,,,,,,,UNKNOWN,,,,,,,unknown,,,,,,,,,,,,,,,
TRIPPS,tripps,2,,,,,,,,,,UNKNOWN,,,,,,,unknown,,,,,,,,,,,,,,,
MYLA,myla,1,,,,,,,,,,UNKNOWN,,,,,,,unknown,,,,,,,,,,,,,,,
Neshaman,neshaman,1,,,,,,,,,,UNKNOWN,,,,,,,unknown,,,,,,,,,,,,,,,
AHardR,ahardr,1,,,,,,,,,,UNKNOWN,,,,,,,unknown,,,,,,,,,,,,,,,
Häana,häana,3,,,,,,,,,,UNKNOWN,,,,,,,unknown,,,,,,,,,,,,,,,
Eli Light,eli light,1,,,,,,,,,,UNKNOWN,,,,,,,unknown,,,,,,,,,,,,,,,
SYRCLES,syrcles,1,,,,,,,,,,UNKNOWN,,,,,,,unknown,,,,,,,,,,,,,,,
DEXX,dexx,1,,,,,,,,,,UNKNOWN,,,,,,,unknown,,,,,,,,,,,,,,,
Daydream DJs + Seth Schwarz (Live),daydream djs + seth schwarz (live),1,,,,,,,,,,UNKNOWN,,,,,,,unknown,,,,,,,,,,,,,,,
Sam Baroni,sam baroni,1,,,,,,,,,,UNKNOWN,,,,,,,unknown,,,,,,,,,,,,,,,
Calussa,calussa,1,,,,,,,,,,UNKNOWN,,,,,,,unknown,,,,,,,,,,,,,,,
Izzy Nomad,izzy nomad,1,,,,,,,,,,UNKNOWN,,,,,,,unknown,,,,,,,,,,,,,,,
Sonikblox,sonikblox,1,,,,,,,,,,UNKNOWN,,,,,,,unknown,,,,,,,,,,,,,,,
chi chi dango,chi chi dango,1,,,,,,,,,,UNKNOWN,,,,,,,unknown,,,,,,,,,,,,,,,
Simon Shultz,simon shultz,1,,,,,,,,,,UNKNOWN,,,,,,,unknown,,,,,,,,,,,,,,,
Anasthesia,anasthesia,1,,,,,,,,,,UNKNOWN,,,,,,,unknown,,,,,,,,,,,,,,,
Special Guest DJ,special guest dj,4,,,,,,,,,,UNKNOWN,,,,,,,unknown,,,,,,,,,,,,,,,
BelenB,belenb,1,,,,,,,,,,UNKNOWN,,,,,,,unknown,,,,,,,,,,,,,,,
Ladybeats B2B Tagg,ladybeats b2b tagg,1,,,,,,,,,,UNKNOWN,,,,,,,unknown,,,,,,,,,,,,,,,
Bobby Lyte (Live Set),bobby lyte (live set),1,,,,,,,,,,UNKNOWN,,,,,,,unknown,,,,,,,,,,,,,,,
OGAN (Live Set),ogan (live set),1,,,,,,,,,,UNKNOWN,,,,,,,unknown,,,,,,,,,,,,,,,
Miyazaki,miyazaki,1,,,,,,,,,,UNKNOWN,,,,,,,unknown,,,,,,,,,,,,,,,
&Lez,&lez,1,,,,,,,,,,UNKNOWN,,,,,,,unknown,,,,,,,,,,,,,,,
Santiago Garcia,santiago garcia,2,,,,,,,,,,UNKNOWN,,,,,,,unknown,,,,,,,,,,,,,,,
Alchemist Spider,alchemist spider,1,,,,,,,,,,UNKNOWN,,,,,,,unknown,,,,,,,,,,,,,,,
GonzoMD,gonzomd,1,,,,,,,,,,UNKNOWN,,,,,,,unknown,,,,,,,,,,,,,,,
Doin' Us,doin' us,2,,,,,,,,,,UNKNOWN,,,,,,,unknown,,,,,,,,,,,,,,,
Really?!,really?!,1,,,,,,,,,,UNKNOWN,,,,,,,unknown,,,,,,,,,,,,,,,
ipatiwish,ipatiwish,1,,,,,,,,,,UNKNOWN,,,,,,,unknown,,,,,,,,,,,,,,,
Namaslay,namaslay,1,,,,,,,,,,UNKNOWN,,,,,,,unknown,,,,,,,,,,,,,,,
FOSS x Dan Oved,foss x dan oved,1,,,,,,,,,,UNKNOWN,,,,,,,unknown,,,,,,,,,,,,,,,
Non Profit Rave,non profit rave,1,,,,,,,,,,UNKNOWN,,,,,,,unknown,,,,,,,,,,,,,,,
Jacques the Ripper,jacques the ripper,2,,,,,,,,,,UNKNOWN,,,,,,,unknown,,,,,,,,,,,,,,,
Glen North,glen north,1,,,,,,,,,,UNKNOWN,,,,,,,unknown,,,,,,,,,,,,,,,
Marco-T,marco-t,1,,,,,,,,,,UNKNOWN,,,,,,,unknown,,,,,,,,,,,,,,,
Jasmine Wiley,jasmine wiley,1,,,,,,,,,,UNKNOWN,,,,,,,unknown,,,,,,,,,,,,,,,
Vesta Chandler,vesta chandler,1,,,,,,,,,,UNKNOWN,,,,,,,unknown,,,,,,,,,,,,,,,
Gemini Moon,gemini moon,1,,,,,,,,,,UNKNOWN,,,,,,,unknown,,,,,,,,,,,,,,,
Simba Sax,simba sax,1,,,,,,,,,,UNKNOWN,,,,,,,unknown,,,,,,,,,,,,,,,
Huevos,huevos,1,,,,,,,,,,UNKNOWN,,,,,,,unknown,,,,,,,,,,,,,,,
Illexxandra B2B Shakey,illexxandra b2b shakey,1,,,,,,,,,,UNKNOWN,,,,,,,unknown,,,,,,,,,,,,,,,
Shikari,shikari,1,,,,,,,,,,UNKNOWN,,,,,,,unknown,,,,,,,,,,,,,,,
Ngamla,ngamla,1,,,,,,,,,,UNKNOWN,,,,,,,unknown,,,,,,,,,,,,,,,
BCB,bcb,1,,,,,,,,,,UNKNOWN,,,,,,,unknown,,,,,,,,,,,,,,,
FAITH,faith,1,,,,,,,,,,UNKNOWN,,,,,,,unknown,,,,,,,,,,,,,,,
ERASR,erasr,1,,,,,,,,,,UNKNOWN,,,,,,,unknown,,,,,,,,,,,,,,,
Vee Here Now,vee here now,1,,,,,,,,,,UNKNOWN,,,,,,,unknown,,,,,,,,,,,,,,,
Sancho,sancho,1,,,,,,,,,,UNKNOWN,,,,,,,unknown,,,,,,,,,,,,,,,
Kobe,kobe,2,,,,,,,,,,UNKNOWN,,,,,,,unknown,,,,,,,,,,,,,,,
Major Tom (Deep House),major tom (deep house),1,,,,,,,,,,UNKNOWN,,,,,,,unknown,,,,,,,,,,,,,,,
Toucanplay,toucanplay,1,,,,,,,,,,UNKNOWN,,,,,,,unknown,,,,,,,,,,,,,,,
Larry,larry,1,,,,,,,,,,UNKNOWN,,,,,,,unknown,,,,,,,,,,,,,,,
Vetica B2B Amelia Clark,vetica b2b amelia clark,1,,,,,,,,,,UNKNOWN,,,,,,,unknown,,,,,,,,,,,,,,,
REZONANCE,rezonance,2,,,,,,,,,,UNKNOWN,,,,,,,unknown,,,,,,,,,,,,,,,
SØS,søs,1,,,,,,,,,,UNKNOWN,,,,,,,unknown,,,,,,,,,,,,,,,
KRAKADILLA,krakadilla,2,,,,,,,,,,UNKNOWN,,,,,,,unknown,,,,,,,,,,,,,,,
Ashoat,ashoat,2,,,,,,,,,,UNKNOWN,,,,,,,unknown,,,,,,,,,,,,,,,
SUMIA,sumia,1,,,,,,,,,,UNKNOWN,,,,,,,unknown,,,,,,,,,,,,,,,
Bendo,bendo,1,,,,,,,,,,UNKNOWN,,,,,,,unknown,,,,,,,,,,,,,,,
Jkali,jkali,3,,,,,,,,,,UNKNOWN,,,,,,,unknown,,,,,,,,,,,,,,,
Dumi,dumi,2,,,,,,,,,,UNKNOWN,,,,,,,unknown,,,,,,,,,,,,,,,
Maki,maki,1,,,,,,,,,,UNKNOWN,,,,,,,unknown,,,,,,,,,,,,,,,
Cole,cole,1,,,,,,,,,,UNKNOWN,,,,,,,unknown,,,,,,,,,,,,,,,
Liquid Gold,liquid gold,1,,,,,,,,,,UNKNOWN,,,,,,,unknown,,,,,,,,,,,,,,,
Seth Finkin,seth finkin,1,,,,,,,,,,UNKNOWN,,,,,,,unknown,,,,,,,,,,,,,,,
Anschi,anschi,1,,,,,,,,,,UNKNOWN,,,,,,,unknown,,,,,,,,,,,,,,,
Goldcap,goldcap,1,,,,,,,,,,UNKNOWN,,,,,,,unknown,,,,,,,,,,,,,,,
Dave Dk,dave dk,1,,,,,,,,,,UNKNOWN,,,,,,,unknown,,,,,,,,,,,,,,,
Rampue,rampue,1,,,,,,,,,,UNKNOWN,,,,,,,unknown,,,,,,,,,,,,,,,
Jam Battle,jam battle,1,,,,,,,,,,UNKNOWN,,,,,,,unknown,,,,,,,,,,,,,,,
Bounceman,bounceman,1,,,,,,,,,,UNKNOWN,,,,,,,unknown,,,,,,,,,,,,,,,
Fleetmac Wood (Sunset Set),fleetmac wood (sunset set),1,,,,,,,,,,UNKNOWN,,,,,,,unknown,,,,,,,,,,,,,,,
Kazami,kazami,1,,,,,,,,,,UNKNOWN,,,,,,,unknown,,,,,,,,,,,,,,,
Spencer Brown,spencer brown,1,,,,,,,,,,UNKNOWN,,,,,,,unknown,,,,,,,,,,,,,,,
Nora en Pure,nora en pure,1,,,,,,,,,,UNKNOWN,,,,,,,unknown,,,,,,,,,,,,,,,
Marten Lou,marten lou,2,,,,,,,,,,UNKNOWN,,,,,,,unknown,,,,,,,,,,,,,,,
Admiral,admiral,1,,,,,,,,,,UNKNOWN,,,,,,,unknown,,,,,,,,,,,,,,,
Obie Fernandez (Sunrise Set),obie fernandez (sunrise set),1,,,,,,,,,,UNKNOWN,,,,,,,unknown,,,,,,,,,,,,,,,
Dom Dolla,dom dolla,2,,,,,,,,,,UNKNOWN,,,,,,,unknown,,,,,,,,,,,,,,,
Ringo,ringo,1,,,,,,,,,,UNKNOWN,,,,,,,unknown,,,,,,,,,,,,,,,
Tropica Bomba b2b Jean Jacque,tropica bomba b2b jean jacque,1,,,,,,,,,,UNKNOWN,,,,,,,unknown,,,,,,,,,,,,,,,
Kream,kream,1,,,,,,,,,,UNKNOWN,,,,,,,unknown,,,,,,,,,,,,,,,
Mo'Steph ft. Moist Magnolia,mo'steph ft. moist magnolia,1,,,,,,,,,,UNKNOWN,,,,,,,unknown,,,,,,,,,,,,,,,
Lamas,lamas,1,,,,,,,,,,UNKNOWN,,,,,,,unknown,,,,,,,,,,,,,,,
Ean Mealiffe,ean mealiffe,1,,,,,,,,,,UNKNOWN,,,,,,,unknown,,,,,,,,,,,,,,,
Chuck Tyler,chuck tyler,1,,,,,,,,,,UNKNOWN,,,,,,,unknown,,,,,,,,,,,,,,,
HB,hb,1,,,,,,,,,,UNKNOWN,,,,,,,unknown,,,,,,,,,,,,,,,
Cheeky Nugg,cheeky nugg,1,,,,,,,,,,UNKNOWN,,,,,,,unknown,,,,,,,,,,,,,,,
EMAZE,emaze,1,,,,,,,,,,UNKNOWN,,,,,,,unknown,,,,,,,,,,,,,,,
kev/null,kev/null,1,,,,,,,,,,UNKNOWN,,,,,,,unknown,,,,,,,,,,,,,,,
Bojon Dj's,bojon dj's,1,,,,,,,,,,UNKNOWN,,,,,,,unknown,,,,,,,,,,,,,,,
Pan Solo,pan solo,1,,,,,,,,,,UNKNOWN,,,,,,,unknown,,,,,,,,,,,,,,,
Magic Carpet,magic carpet,1,,,,,,,,,,UNKNOWN,,,,,,,unknown,,,,,,,,,,,,,,,
Stork,stork,1,,,,,,,,,,UNKNOWN,,,,,,,unknown,,,,,,,,,,,,,,,
Ringo x Omni x Puddles,ringo x omni x puddles,1,,,,,,,,,,UNKNOWN,,,,,,,unknown,,,,,,,,,,,,,,,
Rippers DJ's,rippers dj's,1,,,,,,,,,,UNKNOWN,,,,,,,unknown,,,,,,,,,,,,,,,
Kellon B2B Mango,kellon b2b mango,1,,,,,,,,,,UNKNOWN,,,,,,,unknown,,,,,,,,,,,,,,,
MsizRed,msizred,1,,,,,,,,,,UNKNOWN,,,,,,,unknown,,,,,,,,,,,,,,,
Skully,skully,1,,,,,,,,,,UNKNOWN,,,,,,,unknown,,,,,,,,,,,,,,,
PPPuPu,pppupu,1,,,,,,,,,,UNKNOWN,,,,,,,unknown,,,,,,,,,,,,,,,
Cursive,cursive,1,,,,,,,,,,UNKNOWN,,,,,,,unknown,,,,,,,,,,,,,,,
Blue & MyKym,blue & mykym,1,,,,,,,,,,UNKNOWN,,,,,,,unknown,,,,,,,,,,,,,,,
Nectar,nectar,1,,,,,,,,,,UNKNOWN,,,,,,,unknown,,,,,,,,,,,,,,,
Breej & Saint Nick,breej & saint nick,1,,,,,,,,,,UNKNOWN,,,,,,,unknown,,,,,,,,,,,,,,,
Monacle,monacle,1,,,,,,,,,,UNKNOWN,,,,,,,unknown,,,,,,,,,,,,,,,
Tryptonic,tryptonic,1,,,,,,,,,,UNKNOWN,,,,,,,unknown,,,,,,,,,,,,,,,
Kylen [Non Profit Rave],kylen [non profit rave],1,,,,,,,,,,UNKNOWN,,,,,,,unknown,,,,,,,,,,,,,,,
Griffin Maxwell Brooks [Non Profit Rave],griffin maxwell brooks [non profit rave],1,,,,,,,,,,UNKNOWN,,,,,,,unknown,,,,,,,,,,,,,,,
Dom Dolla DJ Set,dom dolla dj set,1,,,,,,,,,,UNKNOWN,,,,,,,unknown,,,,,,,,,,,,,,,
ROROLL/MYLA,roroll/myla,1,,,,,,,,,,UNKNOWN,,,,,,,unknown,,,,,,,,,,,,,,,
Lana with a K,lana with a k,1,,,,,,,,,,UNKNOWN,,,,,,,unknown,,,,,,,,,,,,,,,
Carlo Novo,carlo novo,2,,,,,,,,,,UNKNOWN,,,,,,,unknown,,,,,,,,,,,,,,,
Vanjee b2b Darco,vanjee b2b darco,1,,,,,,,,,,UNKNOWN,,,,,,,unknown,,,,,,,,,,,,,,,
Darco b2b Gordo,darco b2b gordo,1,,,,,,,,,,UNKNOWN,,,,,,,unknown,,,,,,,,,,,,,,,
Kodama,kodama,1,,,,,,,,,,UNKNOWN,,,,,,,unknown,,,,,,,,,,,,,,,
Shinobi,shinobi,1,,,,,,,,,,UNKNOWN,,,,,,,unknown,,,,,,,,,,,,,,,
Iterate,iterate,1,,,,,,,,,,UNKNOWN,,,,,,,unknown,,,,,,,,,,,,,,,
Juju,juju,1,,,,,,,,,,UNKNOWN,,,,,,,unknown,,,,,,,,,,,,,,,
Spekt1,spekt1,1,,,,,,,,,,UNKNOWN,,,,,,,unknown,,,,,,,,,,,,,,,
Raeya,raeya,1,,,,,,,,,,UNKNOWN,,,,,,,unknown,,,,,,,,,,,,,,,
Danni G,danni g,2,,,,,,,,,,UNKNOWN,,,,,,,unknown,,,,,,,,,,,,,,,
Xylophile,xylophile,1,,,,,,,,,,UNKNOWN,,,,,,,unknown,,,,,,,,,,,,,,,
Tørres,tørres,1,,,,,,,,,,UNKNOWN,,,,,,,unknown,,,,,,,,,,,,,,,
Gucci Jaggers,gucci jaggers,1,,,,,,,,,,UNKNOWN,,,,,,,unknown,,,,,,,,,,,,,,,
crux my heart,crux my heart,1,,,,,,,,,,UNKNOWN,,,,,,,unknown,,,,,,,,,,,,,,,
Swahé,swahé,1,,,,,,,,,,UNKNOWN,,,,,,,unknown,,,,,,,,,,,,,,,
Magisus,magisus,1,,,,,,,,,,UNKNOWN,,,,,,,unknown,,,,,,,,,,,,,,,
Māz Ze Tār,māz ze tār,1,,,,,,,,,,UNKNOWN,,,,,,,unknown,,,,,,,,,,,,,,,
Colibria,colibria,2,,,,,,,,,,UNKNOWN,,,,,,,unknown,,,,,,,,,,,,,,,
Dijiact,dijiact,1,,,,,,,,,,UNKNOWN,,,,,,,unknown,,,,,,,,,,,,,,,
AVATARA,avatara,1,,,,,,,,,,UNKNOWN,,,,,,,unknown,,,,,,,,,,,,,,,
Tala Sage,tala sage,1,,,,,,,,,,UNKNOWN,,,,,,,unknown,,,,,,,,,,,,,,,
Lyran,lyran,1,,,,,,,,,,UNKNOWN,,,,,,,unknown,,,,,,,,,,,,,,,
Martinez Sr.,martinez sr.,1,,,,,,,,,,UNKNOWN,,,,,,,unknown,,,,,,,,,,,,,,,
Rodriguez Jr.,rodriguez jr.,1,,,,,,,,,,UNKNOWN,,,,,,,unknown,,,,,,,,,,,,,,,
Chillin Spree,chillin spree,1,,,,,,,,,,UNKNOWN,,,,,,,unknown,,,,,,,,,,,,,,,
Wizdro,wizdro,2,,,,,,,,,,UNKNOWN,,,,,,,unknown,,,,,,,,,,,,,,,
Manfredi大人,manfredi大人,1,,,,,,,,,,UNKNOWN,,,,,,,unknown,,,,,,,,,,,,,,,
O.BEE b2b Tomas Station,o.bee b2b tomas station,1,,,,,,,,,,UNKNOWN,,,,,,,unknown,,,,,,,,,,,,,,,
Sidestreets,sidestreets,1,,,,,,,,,,UNKNOWN,,,,,,,unknown,,,,,,,,,,,,,,,
Waffles & House DJ's (Waffolympics),waffles & house dj's (waffolympics),1,,,,,,,,,,UNKNOWN,,,,,,,unknown,,,,,,,,,,,,,,,
Fire Conclave,fire conclave,1,,,,,,,,,,UNKNOWN,,,,,,,unknown,,,,,,,,,,,,,,,
Loki,loki,1,,,,,,,,,,UNKNOWN,,,,,,,unknown,,,,,,,,,,,,,,,
BAGGINS,baggins,1,,,,,,,,,,UNKNOWN,,,,,,,unknown,,,,,,,,,,,,,,,
gargar,gargar,1,,,,,,,,,,UNKNOWN,,,,,,,unknown,,,,,,,,,,,,,,,
sachiko,sachiko,1,,,,,,,,,,UNKNOWN,,,,,,,unknown,,,,,,,,,,,,,,,
Riley,riley,1,,,,,,,,,,UNKNOWN,,,,,,,unknown,,,,,,,,,,,,,,,
Rodo Beats,rodo beats,1,,,,,,,,,,UNKNOWN,,,,,,,unknown,,,,,,,,,,,,,,,
Caro Leger,caro leger,1,,,,,,,,,,UNKNOWN,,,,,,,unknown,,,,,,,,,,,,,,,
Alko,alko,1,,,,,,,,,,UNKNOWN,,,,,,,unknown,,,,,,,,,,,,,,,
Chafic,chafic,1,,,,,,,,,,UNKNOWN,,,,,,,unknown,,,,,,,,,,,,,,,
John Woods,john woods,1,,,,,,,,,,UNKNOWN,,,,,,,unknown,,,,,,,,,,,,,,,
Maxi Meraki,maxi meraki,2,,,,,,,,,,UNKNOWN,,,,,,,unknown,,,,,,,,,,,,,,,
Cat Daddy and Pixie Stix,cat daddy and pixie stix,1,,,,,,,,,,UNKNOWN,,,,,,,unknown,,,,,,,,,,,,,,,
Absolutely Yakking Chaos,absolutely yakking chaos,1,,,,,,,,,,UNKNOWN,,,,,,,unknown,,,,,,,,,,,,,,,
DJ Muffinz,dj muffinz,1,,,,,,,,,,UNKNOWN,,,,,,,unknown,,,,,,,,,,,,,,,
Joy Machine,joy machine,1,,,,,,,,,,UNKNOWN,,,,,,,unknown,,,,,,,,,,,,,,,
Kinnu,kinnu,1,,,,,,,,,,UNKNOWN,,,,,,,unknown,,,,,,,,,,,,,,,
NØVA,nøva,1,,,,,,,,,,UNKNOWN,,,,,,,unknown,,,,,,,,,,,,,,,
Bass Relation,bass relation,1,,,,,,,,,,UNKNOWN,,,,,,,unknown,,,,,,,,,,,,,,,
Infinite Sun,infinite sun,1,,,,,,,,,,UNKNOWN,,,,,,,unknown,,,,,,,,,,,,,,,
Amoeba,amoeba,1,,,,,,,,,,UNKNOWN,,,,,,,unknown,,,,,,,,,,,,,,,
Sensoma,sensoma,1,,,,,,,,,,UNKNOWN,,,,,,,unknown,,,,,,,,,,,,,,,
Parus,parus,1,,,,,,,,,,UNKNOWN,,,,,,,unknown,,,,,,,,,,,,,,,
Xipil,xipil,1,,,,,,,,,,UNKNOWN,,,,,,,unknown,,,,,,,,,,,,,,,
Omkryll,omkryll,1,,,,,,,,,,UNKNOWN,,,,,,,unknown,,,,,,,,,,,,,,,
Melting Vision,melting vision,1,,,,,,,,,,UNKNOWN,,,,,,,unknown,,,,,,,,,,,,,,,
Jagno Gaia,jagno gaia,1,,,,,,,,,,UNKNOWN,,,,,,,unknown,,,,,,,,,,,,,,,
Chromophore,chromophore,1,,,,,,,,,,UNKNOWN,,,,,,,unknown,,,,,,,,,,,,,,,
Mai Tai,mai tai,1,,,,,,,,,,UNKNOWN,,,,,,,unknown,,,,,,,,,,,,,,,
Jackolope Hour,jackolope hour,1,,,,,,,,,,UNKNOWN,,,,,,,unknown,,,,,,,,,,,,,,,
Mix Life Crisis,mix life crisis,1,,,,,,,,,,UNKNOWN,,,,,,,unknown,,,,,,,,,,,,,,,
Snarky Santa,snarky santa,1,,,,,,,,,,UNKNOWN,,,,,,,unknown,,,,,,,,,,,,,,,
KFLiP Hot Mics,kflip hot mics,1,,,,,,,,,,UNKNOWN,,,,,,,unknown,,,,,,,,,,,,,,,
Nekropolis,nekropolis,1,,,,,,,,,,UNKNOWN,,,,,,,unknown,,,,,,,,,,,,,,,
Radio Theater,radio theater,1,,,,,,,,,,UNKNOWN,,,,,,,unknown,,,,,,,,,,,,,,,
Children's Hour,children's hour,1,,,,,,,,,,UNKNOWN,,,,,,,unknown,,,,,,,,,,,,,,,
On a Roll,on a roll,1,,,,,,,,,,UNKNOWN,,,,,,,unknown,,,,,,,,,,,,,,,
Spaxterzone,spaxterzone,1,,,,,,,,,,UNKNOWN,,,,,,,unknown,,,,,,,,,,,,,,,
Megashear,megashear,1,,,,,,,,,,UNKNOWN,,,,,,,unknown,,,,,,,,,,,,,,,
Gourmet Eddie,gourmet eddie,1,,,,,,,,,,UNKNOWN,,,,,,,unknown,,,,,,,,,,,,,,,
Illexxandra,illexxandra,1,,,,,,,,,,UNKNOWN,,,,,,,unknown,,,,,,,,,,,,,,,
Shakey,shakey,1,,,,,,,,,,UNKNOWN,,,,,,,unknown,,,,,,,,,,,,,,,
CampMomDad,campmomdad,1,,,,,,,,,,UNKNOWN,,,,,,,unknown,,,,,,,,,,,,,,,
Zak Berrie,zak berrie,1,,,,,,,,,,UNKNOWN,,,,,,,unknown,,,,,,,,,,,,,,,
Casey Gordon b2b Robot Batson,casey gordon b2b robot batson,1,,,,,,,,,,UNKNOWN,,,,,,,unknown,,,,,,,,,,,,,,,
Chris Mindel,chris mindel,1,,,,,,,,,,UNKNOWN,,,,,,,unknown,,,,,,,,,,,,,,,
Henrik,henrik,1,,,,,,,,,,UNKNOWN,,,,,,,unknown,,,,,,,,,,,,,,,
Mouse,mouse,1,,,,,,,,,,UNKNOWN,,,,,,,unknown,,,,,,,,,,,,,,,
M2,m2,1,,,,,,,,,,UNKNOWN,,,,,,,unknown,,,,,,,,,,,,,,,
KZ,kz,1,,,,,,,,,,UNKNOWN,,,,,,,unknown,,,,,,,,,,,,,,,
Brother Gabriel,brother gabriel,1,,,,,,,,,,UNKNOWN,,,,,,,unknown,,,,,,,,,,,,,,,
Zach,zach,1,,,,,,,,,,UNKNOWN,,,,,,,unknown,,,,,,,,,,,,,,,
Amina,amina,1,,,,,,,,,,UNKNOWN,,,,,,,unknown,,,,,,,,,,,,,,,
MITOTIA,mitotia,1,,,,,,,,,,UNKNOWN,,,,,,,unknown,,,,,,,,,,,,,,,
Connor,connor,1,,,,,,,,,,UNKNOWN,,,,,,,unknown,,,,,,,,,,,,,,,
All Artists B2B2B,all artists b2b2b,1,,,,,,,,,,UNKNOWN,,,,,,,unknown,,,,,,,,,,,,,,,
Theo Wizman,theo wizman,1,,,,,,,,,,UNKNOWN,,,,,,,unknown,,,,,,,,,,,,,,,
Milika,milika,1,,,,,,,,,,UNKNOWN,,,,,,,unknown,,,,,,,,,,,,,,,
Lisonthedrums,lisonthedrums,1,,,,,,,,,,UNKNOWN,,,,,,,unknown,,,,,,,,,,,,,,,
Rhye,rhye,1,,,,,,,,,,UNKNOWN,,,,,,,unknown,,,,,,,,,,,,,,,
Eje (ee-jay),eje (ee-jay),1,,,,,,,,,,UNKNOWN,,,,,,,unknown,,,,,,,,,,,,,,,
Dj Ryder,dj ryder,1,,,,,,,,,,UNKNOWN,,,,,,,unknown,,,,,,,,,,,,,,,
Nikita,nikita,1,,,,,,,,,,UNKNOWN,,,,,,,unknown,,,,,,,,,,,,,,,
Shawna Hofmann,shawna hofmann,1,,,,,,,,,,UNKNOWN,,,,,,,unknown,,,,,,,,,,,,,,,
Guest DJ,guest dj,1,,,,,,,,,,UNKNOWN,,,,,,,unknown,,,,,,,,,,,,,,,
Dükank,dükank,1,,,,,,,,,,UNKNOWN,,,,,,,unknown,,,,,,,,,,,,,,,
Authenticity,authenticity,1,,,,,,,,,,UNKNOWN,,,,,,,unknown,,,,,,,,,,,,,,,
Ketaract,ketaract,1,,,,,,,,,,UNKNOWN,,,,,,,unknown,,,,,,,,,,,,,,,
Ladybeats,ladybeats,1,,,,,,,,,,UNKNOWN,,,,,,,unknown,,,,,,,,,,,,,,,
RMC,rmc,1,,,,,,,,,,UNKNOWN,,,,,,,unknown,,,,,,,,,,,,,,,
Justin Rich,justin rich,1,,,,,,,,,,UNKNOWN,,,,,,,unknown,,,,,,,,,,,,,,,
Coyoti,coyoti,1,,,,,,,,,,UNKNOWN,,,,,,,unknown,,,,,,,,,,,,,,,
SOMYO,somyo,1,,,,,,,,,,UNKNOWN,,,,,,,unknown,,,,,,,,,,,,,,,
Massio / Loboman,massio / loboman,1,,,,,,,,,,UNKNOWN,,,,,,,unknown,,,,,,,,,,,,,,,
Jeremiah Red,jeremiah red,1,,,,,,,,,,UNKNOWN,,,,,,,unknown,,,,,,,,,,,,,,,
YØU&I,yøu&i,1,,,,,,,,,,UNKNOWN,,,,,,,unknown,,,,,,,,,,,,,,,
Club de Combat,club de combat,2,,,,,,,,,,UNKNOWN,,,,,,,unknown,,,,,,,,,,,,,,,
06:29 Ceremony,06:29 ceremony,1,,,,,,,,,,UNKNOWN,,,,,,,unknown,,,,,,,,,,,,,,,
Sasi b2b Captain Hook,sasi b2b captain hook,1,,,,,,,,,,UNKNOWN,,,,,,,unknown,,,,,,,,,,,,,,,
Govinda,govinda,1,,,,,,,,,,UNKNOWN,,,,,,,unknown,,,,,,,,,,,,,,,
Coop,coop,1,,,,,,,,,,UNKNOWN,,,,,,,unknown,,,,,,,,,,,,,,,
Rambo Party,rambo party,1,,,,,,,,,,UNKNOWN,,,,,,,unknown,,,,,,,,,,,,,,,
Jonny Wild,jonny wild,1,,,,,,,,,,UNKNOWN,,,,,,,unknown,,,,,,,,,,,,,,,
Cabaret Performance,cabaret performance,1,,,,,,,,,,UNKNOWN,,,,,,,unknown,,,,,,,,,,,,,,,
Dan Girshik,dan girshik,1,,,,,,,,,,UNKNOWN,,,,,,,unknown,,,,,,,,,,,,,,,
Fido,fido,1,,,,,,,,,,UNKNOWN,,,,,,,unknown,,,,,,,,,,,,,,,
RAF,raf,1,,,,,,,,,,UNKNOWN,,,,,,,unknown,,,,,,,,,,,,,,,
VTLX,vtlx,1,,,,,,,,,,UNKNOWN,,,,,,,unknown,,,,,,,,,,,,,,,
Michæl b2b 5MoXo,michæl b2b 5moxo,1,,,,,,,,,,UNKNOWN,,,,,,,unknown,,,,,,,,,,,,,,,
Michæl,michæl,1,,,,,,,,,,UNKNOWN,,,,,,,unknown,,,,,,,,,,,,,,,
Allen Oh,allen oh,1,,,,,,,,,,UNKNOWN,,,,,,,unknown,,,,,,,,,,,,,,,
Luvlee,luvlee,1,,,,,,,,,,UNKNOWN,,,,,,,unknown,,,,,,,,,,,,,,,
Bettina Rothe,bettina rothe,1,,,,,,,,,,UNKNOWN,,,,,,,unknown,,,,,,,,,,,,,,,
Häana feat. Metamorphosis Ballet x,häana feat. metamorphosis ballet x,1,,,,,,,,,,UNKNOWN,,,,,,,unknown,,,,,,,,,,,,,,,
Operator Echo,operator echo,1,,,,,,,,,,UNKNOWN,,,,,,,unknown,,,,,,,,,,,,,,,
Major Tom,major tom,1,,,,,,,,,,UNKNOWN,,,,,,,unknown,,,,,,,,,,,,,,,
Freak the Disco,freak the disco,1,,,,,,,,,,UNKNOWN,,,,,,,unknown,,,,,,,,,,,,,,,
Rampue b2b Adaamar,rampue b2b adaamar,1,,,,,,,,,,UNKNOWN,,,,,,,unknown,,,,,,,,,,,,,,,
Madota,madota,1,,,,,,,,,,UNKNOWN,,,,,,,unknown,,,,,,,,,,,,,,,
Madmotor Miguel b2b Kotoe,madmotor miguel b2b kotoe,1,,,,,,,,,,UNKNOWN,,,,,,,unknown,,,,,,,,,,,,,,,
Fabian Capri,fabian capri,1,,,,,,,,,,UNKNOWN,,,,,,,unknown,,,,,,,,,,,,,,,
Elder Willow,elder willow,1,,,,,,,,,,UNKNOWN,,,,,,,unknown,,,,,,,,,,,,,,,
Andrew,andrew,1,,,,,,,,,,UNKNOWN,,,,,,,unknown,,,,,,,,,,,,,,,
Nāstë,nāstë,1,,,,,,,,,,UNKNOWN,,,,,,,unknown,,,,,,,,,,,,,,,
Thumpty-Thump,thumpty-thump,1,,,,,,,,,,UNKNOWN,,,,,,,unknown,,,,,,,,,,,,,,,
Cygon,cygon,1,,,,,,,,,,UNKNOWN,,,,,,,unknown,,,,,,,,,,,,,,,
Natti,natti,1,,,,,,,,,,UNKNOWN,,,,,,,unknown,,,,,,,,,,,,,,,
Kalypso,kalypso,1,,,,,,,,,,UNKNOWN,,,,,,,unknown,,,,,,,,,,,,,,,
Usman,usman,1,,,,,,,,,,UNKNOWN,,,,,,,unknown,,,,,,,,,,,,,,,
DJ TBA,dj tba,1,,,,,,,,,,UNKNOWN,,,,,,,unknown,,,,,,,,,,,,,,,
Rafael (Sunset Set),rafael (sunset set),1,,,,,,,,,,UNKNOWN,,,,,,,unknown,,,,,,,,,,,,,,,
Sage Ferris,sage ferris,1,,,,,,,,,,UNKNOWN,,,,,,,unknown,,,,,,,,,,,,,,,
Sebastian Konrad,sebastian konrad,1,,,,,,,,,,UNKNOWN,,,,,,,unknown,,,,,,,,,,,,,,,
Mahmut Orhan b2b Arodes,mahmut orhan b2b arodes,1,,,,,,,,,,UNKNOWN,,,,,,,unknown,,,,,,,,,,,,,,,
Ashley Ames,ashley ames,2,,,,,,,,,,UNKNOWN,,,,,,,unknown,,,,,,,,,,,,,,,
Azriel,azriel,1,,,,,,,,,,UNKNOWN,,,,,,,unknown,,,,,,,,,,,,,,,
Major Trouble & Nisene (Sunrise Set),major trouble & nisene (sunrise set),1,,,,,,,,,,UNKNOWN,,,,,,,unknown,,,,,,,,,,,,,,,
Catch of the Day,catch of the day,1,,,,,,,,,,UNKNOWN,,,,,,,unknown,,,,,,,,,,,,,,,
Ves,ves,1,,,,,,,,,,UNKNOWN,,,,,,,unknown,,,,,,,,,,,,,,,
Ned,ned,1,,,,,,,,,,UNKNOWN,,,,,,,unknown,,,,,,,,,,,,,,,
Roxanne Roll & Siren Gliss,roxanne roll & siren gliss,1,,,,,,,,,,UNKNOWN,,,,,,,unknown,,,,,,,,,,,,,,,
Semuta,semuta,2,,,,,,,,,,UNKNOWN,,,,,,,unknown,,,,,,,,,,,,,,,
BABE AL3RT,babe al3rt,1,,,,,,,,,,UNKNOWN,,,,,,,unknown,,,,,,,,,,,,,,,
HIDRA,hidra,1,,,,,,,,,,UNKNOWN,,,,,,,unknown,,,,,,,,,,,,,,,
Priscilla,priscilla,1,,,,,,,,,,UNKNOWN,,,,,,,unknown,,,,,,,,,,,,,,,
Mode Leeloo,mode leeloo,1,,,,,,,,,,UNKNOWN,,,,,,,unknown,,,,,,,,,,,,,,,
DJ Yoshi b2b my friend mark,dj yoshi b2b my friend mark,1,,,,,,,,,,UNKNOWN,,,,,,,unknown,,,,,,,,,,,,,,,
Melissa XYZ,melissa xyz,1,,,,,,,,,,UNKNOWN,,,,,,,unknown,,,,,,,,,,,,,,,
Riche,riche,1,,,,,,,,,,UNKNOWN,,,,,,,unknown,,,,,,,,,,,,,,,
Grace Arribas b2b Stavi,grace arribas b2b stavi,1,,,,,,,,,,UNKNOWN,,,,,,,unknown,,,,,,,,,,,,,,,
Miramar,miramar,1,,,,,,,,,,UNKNOWN,,,,,,,unknown,,,,,,,,,,,,,,,
Bender,bender,1,,,,,,,,,,UNKNOWN,,,,,,,unknown,,,,,,,,,,,,,,,
Josh Gigante,josh gigante,1,,,,,,,,,,UNKNOWN,,,,,,,unknown,,,,,,,,,,,,,,,
Bex Naj,bex naj,1,,,,,,,,,,UNKNOWN,,,,,,,unknown,,,,,,,,,,,,,,,
Maxa Jaguar,maxa jaguar,1,,,,,,,,,,UNKNOWN,,,,,,,unknown,,,,,,,,,,,,,,,
KAPIR,kapir,1,,,,,,,,,,UNKNOWN,,,,,,,unknown,,,,,,,,,,,,,,,
N@omi,n@omi,1,,,,,,,,,,UNKNOWN,,,,,,,unknown,,,,,,,,,,,,,,,
Alex Cruz,alex cruz,1,,,,,,,,,,UNKNOWN,,,,,,,unknown,,,,,,,,,,,,,,,
Henry Pope,henry pope,1,,,,,,,,,,UNKNOWN,,,,,,,unknown,,,,,,,,,,,,,,,
Summer Almeida,summer almeida,2,,,,,,,,,,UNKNOWN,,,,,,,unknown,,,,,,,,,,,,,,,
Xuxa Bluet,xuxa bluet,1,,,,,,,,,,UNKNOWN,,,,,,,unknown,,,,,,,,,,,,,,,
Mikey & Juju,mikey & juju,1,,,,,,,,,,UNKNOWN,,,,,,,unknown,,,,,,,,,,,,,,,
Hershey,hershey,1,,,,,,,,,,UNKNOWN,,,,,,,unknown,,,,,,,,,,,,,,,
Esteban,esteban,1,,,,,,,,,,UNKNOWN,,,,,,,unknown,,,,,,,,,,,,,,,
Grace Arribas,grace arribas,1,,,,,,,,,,UNKNOWN,,,,,,,unknown,,,,,,,,,,,,,,,
Very Special Guest,very special guest,1,,,,,,,,,,UNKNOWN,,,,,,,unknown,,,,,,,,,,,,,,,
Don Gentry b2b Corey Spengler,don gentry b2b corey spengler,1,,,,,,,,,,UNKNOWN,,,,,,,unknown,,,,,,,,,,,,,,,
Von Davis,von davis,1,,,,,,,,,,UNKNOWN,,,,,,,unknown,,,,,,,,,,,,,,,
Jackson,jackson,1,,,,,,,,,,UNKNOWN,,,,,,,unknown,,,,,,,,,,,,,,,
Paarth,paarth,1,,,,,,,,,,UNKNOWN,,,,,,,unknown,,,,,,,,,,,,,,,
Amen-X,amen-x,1,,,,,,,,,,UNKNOWN,,,,,,,unknown,,,,,,,,,,,,,,,
Luca,luca,1,,,,,,,,,,UNKNOWN,,,,,,,unknown,,,,,,,,,,,,,,,
TINYKVT,tinykvt,1,,,,,,,,,,UNKNOWN,,,,,,,unknown,,,,,,,,,,,,,,,
dj spacecamp b2b freddie,dj spacecamp b2b freddie,1,,,,,,,,,,UNKNOWN,,,,,,,unknown,,,,,,,,,,,,,,,
Jimb0tr0n,jimb0tr0n,1,,,,,,,,,,UNKNOWN,,,,,,,unknown,,,,,,,,,,,,,,,
Jim Reynolds and yroc,jim reynolds and yroc,1,,,,,,,,,,UNKNOWN,,,,,,,unknown,,,,,,,,,,,,,,,
Sonrise Sonder,sonrise sonder,1,,,,,,,,,,UNKNOWN,,,,,,,unknown,,,,,,,,,,,,,,,
Dash,dash,1,,,,,,,,,,UNKNOWN,,,,,,,unknown,,,,,,,,,,,,,,,
Lisa Marie,lisa marie,1,,,,,,,,,,UNKNOWN,,,,,,,unknown,,,,,,,,,,,,,,,
Alex Cruz x Theresa Silver,alex cruz x theresa silver,1,,,,,,,,,,UNKNOWN,,,,,,,unknown,,,,,,,,,,,,,,,
Santiago Garcia x Theresa Silver,santiago garcia x theresa silver,1,,,,,,,,,,UNKNOWN,,,,,,,unknown,,,,,,,,,,,,,,,
Natipitch x Theresa Silver,natipitch x theresa silver,1,,,,,,,,,,UNKNOWN,,,,,,,unknown,,,,,,,,,,,,,,,
DJ Thuk,dj thuk,1,,,,,,,,,,UNKNOWN,,,,,,,unknown,,,,,,,,,,,,,,,
hop on the decks,hop on the decks,1,,,,,,,,,,UNKNOWN,,,,,,,unknown,,,,,,,,,,,,,,,
Yeshua,yeshua,1,,,,,,,,,,UNKNOWN,,,,,,,unknown,,,,,,,,,,,,,,,
Burning Mirror,burning mirror,1,,,,,,,,,,UNKNOWN,,,,,,,unknown,,,,,,,,,,,,,,,
MAN BURN,man burn,1,,,,,,,,,,UNKNOWN,,,,,,,unknown,,,,,,,,,,,,,,,
Crowsnester & Pooch,crowsnester & pooch,1,,,,,,,,,,UNKNOWN,,,,,,,unknown,,,,,,,,,,,,,,,
Honey Shot + Xercole,honey shot + xercole,1,,,,,,,,,,UNKNOWN,,,,,,,unknown,,,,,,,,,,,,,,,
Man Burn LIVE!,man burn live!,1,,,,,,,,,,UNKNOWN,,,,,,,unknown,,,,,,,,,,,,,,,
J. C.,j. c.,1,,,,,,,,,,UNKNOWN,,,,,,,unknown,,,,,,,,,,,,,,,
BoyScout,boyscout,1,,,,,,,,,,UNKNOWN,,,,,,,unknown,,,,,,,,,,,,,,,
STARJAY,starjay,1,,,,,,,,,,UNKNOWN,,,,,,,unknown,,,,,,,,,,,,,,,
Playa Choir Broadcast,playa choir broadcast,1,,,,,,,,,,UNKNOWN,,,,,,,unknown,,,,,,,,,,,,,,,
ELVN:22,elvn:22,1,,,,,,,,,,UNKNOWN,,,,,,,unknown,,,,,,,,,,,,,,,
Nick Hatcher,nick hatcher,1,,,,,,,,,,UNKNOWN,,,,,,,unknown,,,,,,,,,,,,,,,
Mikey B,mikey b,1,,,,,,,,,,UNKNOWN,,,,,,,unknown,,,,,,,,,,,,,,,
Shelby Shocks,shelby shocks,1,,,,,,,,,,UNKNOWN,,,,,,,unknown,,,,,,,,,,,,,,,
Cranky,cranky,1,,,,,,,,,,UNKNOWN,,,,,,,unknown,,,,,,,,,,,,,,,
Bobby Lyte B2B OGAN,bobby lyte b2b ogan,1,,,,,,,,,,UNKNOWN,,,,,,,unknown,,,,,,,,,,,,,,,
Isabeau Fort,isabeau fort,1,,,,,,,,,,UNKNOWN,,,,,,,unknown,,,,,,,,,,,,,,,
Surprise Guest,surprise guest,1,,,,,,,,,,UNKNOWN,,,,,,,unknown,,,,,,,,,,,,,,,
Eaty Beatz,eaty beatz,1,,,,,,,,,,UNKNOWN,,,,,,,unknown,,,,,,,,,,,,,,,
Dynamic,dynamic,1,,,,,,,,,,UNKNOWN,,,,,,,unknown,,,,,,,,,,,,,,,
Quantum Theory,quantum theory,1,,,,,,,,,,UNKNOWN,,,,,,,unknown,,,,,,,,,,,,,,,
Sunn Rays,sunn rays,1,,,,,,,,,,UNKNOWN,,,,,,,unknown,,,,,,,,,,,,,,,
Häana (Live),häana (live),1,,,,,,,,,,UNKNOWN,,,,,,,unknown,,,,,,,,,,,,,,,
cootdog,cootdog,1,,,,,,,,,,UNKNOWN,,,,,,,unknown,,,,,,,,,,,,,,,
Dollahyde,dollahyde,1,,,,,,,,,,UNKNOWN,,,,,,,unknown,,,,,,,,,,,,,,,
Duchess,duchess,1,,,,,,,,,,UNKNOWN,,,,,,,unknown,,,,,,,,,,,,,,,
Weezy ft. Nikki Sierra,weezy ft. nikki sierra,1,,,,,,,,,,UNKNOWN,,,,,,,unknown,,,,,,,,,,,,,,,
Naughty Princess,naughty princess,2,,,,,,,,,,UNKNOWN,,,,,,,unknown,,,,,,,,,,,,,,,
Cannaba55,cannaba55,1,,,,,,,,,,UNKNOWN,,,,,,,unknown,,,,,,,,,,,,,,,
Christafari,christafari,1,,,,,,,,,,UNKNOWN,,,,,,,unknown,,,,,,,,,,,,,,,
Nasté,nasté,1,,,,,,,,,,UNKNOWN,,,,,,,unknown,,,,,,,,,,,,,,,
HAPNCAP,hapncap,1,,,,,,,,,,UNKNOWN,,,,,,,unknown,,,,,,,,,,,,,,,
Mah Ze Tar,mah ze tar,1,,,,,,,,,,UNKNOWN,,,,,,,unknown,,,,,,,,,,,,,,,
Beat Kitty B2B Mr. Jennings,beat kitty b2b mr. jennings,1,,,,,,,,,,UNKNOWN,,,,,,,unknown,,,,,,,,,,,,,,,
Dust & Beau,dust & beau,1,,,,,,,,,,UNKNOWN,,,,,,,unknown,,,,,,,,,,,,,,,
Jalaya,jalaya,1,,,,,,,,,,UNKNOWN,,,,,,,unknown,,,,,,,,,,,,,,,
Chloro-Djinn,chloro-djinn,1,,,,,,,,,,UNKNOWN,,,,,,,unknown,,,,,,,,,,,,,,,
Loveknuckle,loveknuckle,1,,,,,,,,,,UNKNOWN,,,,,,,unknown,,,,,,,,,,,,,,,
TouchButtons,touchbuttons,1,,,,,,,,,,UNKNOWN,,,,,,,unknown,,,,,,,,,,,,,,,
Fabián Capri,fabián capri,1,,,,,,,,,,UNKNOWN,,,,,,,unknown,,,,,,,,,,,,,,,
Midnight Roast & Friends,midnight roast & friends,1,,,,,,,,,,UNKNOWN,,,,,,,unknown,,,,,,,,,,,,,,,
Pawn Laser,pawn laser,1,,,,,,,,,,UNKNOWN,,,,,,,unknown,,,,,,,,,,,,,,,
Alex Amaro,alex amaro,1,,,,,,,,,,UNKNOWN,,,,,,,unknown,,,,,,,,,,,,,,,
Richard Mixon,richard mixon,1,,,,,,,,,,UNKNOWN,,,,,,,unknown,,,,,,,,,,,,,,,
Playa Choir,playa choir,2,,,,,,,,,,UNKNOWN,,,,,,,unknown,,,,,,,,,,,,,,,
VALØR b2b WAGZ,valør b2b wagz,1,,,,,,,,,,UNKNOWN,,,,,,,unknown,,,,,,,,,,,,,,,
Danni G & Beatalks,danni g & beatalks,1,,,,,,,,,,UNKNOWN,,,,,,,unknown,,,,,,,,,,,,,,,
Bollo,bollo,1,,,,,,,,,,UNKNOWN,,,,,,,unknown,,,,,,,,,,,,,,,
Tommy Echelon,tommy echelon,1,,,,,,,,,,UNKNOWN,,,,,,,unknown,,,,,,,,,,,,,,,
Sunset Lebuff,sunset lebuff,1,,,,,,,,,,UNKNOWN,,,,,,,unknown,,,,,,,,,,,,,,,
third wheel (Nat Turner b2b HMU b2b,third wheel (nat turner b2b hmu b2b,1,,,,,,,,,,UNKNOWN,,,,,,,unknown,,,,,,,,,,,,,,,
Amanda Widjaja,amanda widjaja,1,,,,,,,,,,UNKNOWN,,,,,,,unknown,,,,,,,,,,,,,,,
Greer,greer,1,,,,,,,,,,UNKNOWN,,,,,,,unknown,,,,,,,,,,,,,,,
Gaby de la Juentes,gaby de la juentes,1,,,,,,,,,,UNKNOWN,,,,,,,unknown,,,,,,,,,,,,,,,
Lu Lanos b2b TEX,lu lanos b2b tex,1,,,,,,,,,,UNKNOWN,,,,,,,unknown,,,,,,,,,,,,,,,
MILLICA,millica,1,,,,,,,,,,UNKNOWN,,,,,,,unknown,,,,,,,,,,,,,,,
WyrDandy,wyrdandy,1,,,,,,,,,,UNKNOWN,,,,,,,unknown,,,,,,,,,,,,,,,
JAHNMANA,jahnmana,1,,,,,,,,,,UNKNOWN,,,,,,,unknown,,,,,,,,,,,,,,,
DJ TokyoHotTub,dj tokyohottub,1,,,,,,,,,,UNKNOWN,,,,,,,unknown,,,,,,,,,,,,,,,
DJ-ER,dj-er,1,,,,,,,,,,UNKNOWN,,,,,,,unknown,,,,,,,,,,,,,,,
Shalman,shalman,1,,,,,,,,,,UNKNOWN,,,,,,,unknown,,,,,,,,,,,,,,,
YAHZEE,yahzee,1,,,,,,,,,,UNKNOWN,,,,,,,unknown,,,,,,,,,,,,,,,
Taliko,taliko,1,,,,,,,,,,UNKNOWN,,,,,,,unknown,,,,,,,,,,,,,,,
TedDrops,teddrops,1,,,,,,,,,,UNKNOWN,,,,,,,unknown,,,,,,,,,,,,,,,
Ayama project,ayama project,1,,,,,,,,,,UNKNOWN,,,,,,,unknown,,,,,,,,,,,,,,,
Equanimous,equanimous,1,,,,,,,,,,UNKNOWN,,,,,,,unknown,,,,,,,,,,,,,,,
Moritzio b2b Jayd,moritzio b2b jayd,1,,,,,,,,,,UNKNOWN,,,,,,,unknown,,,,,,,,,,,,,,,
*rekless,*rekless,1,,,,,,,,,,UNKNOWN,,,,,,,unknown,,,,,,,,,,,,,,,
NoPhones,nophones,1,,,,,,,,,,UNKNOWN,,,,,,,unknown,,,,,,,,,,,,,,,
Patricio Hegewisch,patricio hegewisch,1,,,,,,,,,,UNKNOWN,,,,,,,unknown,,,,,,,,,,,,,,,
DJ Marquez,dj marquez,1,,,,,,,,,,UNKNOWN,,,,,,,unknown,,,,,,,,,,,,,,,
Moises (Pink Mammoth),moises (pink mammoth),1,,,,,,,,,,UNKNOWN,,,,,,,unknown,,,,,,,,,,,,,,,
Enssembl,enssembl,1,,,,,,,,,,UNKNOWN,,,,,,,unknown,,,,,,,,,,,,,,,
Tara Kay,tara kay,1,,,,,,,,,,UNKNOWN,,,,,,,unknown,,,,,,,,,,,,,,,
MelissaXYZ,melissaxyz,1,,,,,,,,,,UNKNOWN,,,,,,,unknown,,,,,,,,,,,,,,,
Volaric,volaric,1,,,,,,,,,,UNKNOWN,,,,,,,unknown,,,,,,,,,,,,,,,
Airwolf b2b Jacqalope,airwolf b2b jacqalope,1,,,,,,,,,,UNKNOWN,,,,,,,unknown,,,,,,,,,,,,,,,
Apollo,apollo,1,,,,,,,,,,UNKNOWN,,,,,,,unknown,,,,,,,,,,,,,,,
Temple Burn Live!,temple burn live!,1,,,,,,,,,,UNKNOWN,,,,,,,unknown,,,,,,,,,,,,,,,
Supreme Cort,supreme cort,1,,,,,,,,,,UNKNOWN,,,,,,,unknown,,,,,,,,,,,,,,,
kowta,kowta,1,,,,,,,,,,UNKNOWN,,,,,,,unknown,,,,,,,,,,,,,,,
M.I.A.,m.i.a.,1,,,,,,,,,,UNKNOWN,,,,,,,unknown,,,,,,,,,,,,,,,
Ronnit,ronnit,1,,,,,,,,,,UNKNOWN,,,,,,,unknown,,,,,,,,,,,,,,,
Regionals interviews,regionals interviews,1,,,,,,,,,,UNKNOWN,,,,,,,unknown,,,,,,,,,,,,,,,
Burner without Borders,burner without borders,1,,,,,,,,,,UNKNOWN,,,,,,,unknown,,,,,,,,,,,,,,,
Clown Party w/ Knizzle,clown party w/ knizzle,1,,,,,,,,,,UNKNOWN,,,,,,,unknown,,,,,,,,,,,,,,,
